concurso;data;j1;j2;j3;j4;j5;j6;j7;j8;j9;j10;j11;j12;j13;j14;ganhadores_14;rateio_14;ganhadores_13;rateio_13;acumulado
1;2002-02-18;;;;;;;;;;;;;;;2;5598599.0;44;254481.0;não
2;2002-02-25;;;;;;;;;;;;;;;135;104879.0;4737;2977.0;não
3;2002-03-04;;;;;;;;;;;;;;;2;6615485.0;94;140755.0;não
4;2002-03-11;;;;;;;;;;;;;;;223;54772.0;4834;2527.0;não
5;2002-03-18;;;;;;;;;;;;;;;0;0.0;1;12745218.0;sim
6;2002-03-25;;;;;;;;;;;;;;;3;8147416.0;54;216611.0;não
7;2002-04-01;;;;;;;;;;;;;;;2;5395484.0;126;85642.0;não
8;2002-04-08;;;;;;;;;;;;;;;5;2198768.0;96;114519.0;não
9;2002-04-18;;;;;;;;;;;;;;;0;0.0;89;132814.0;sim
10;2002-04-22;;;;;;;;;;;;;;;0;0.0;33;251837.0;sim
11;2002-04-29;;;;;;;;;;;;;;;2;16812145.0;115;117332.0;não
12;2002-05-06;;;;;;;;;;;;;;;5;1310325.0;90;7252.0;não
13;2002-05-13;;;;;;;;;;;;;;;92;8687.0;2026;393.0;não
14;2002-05-20;;;;;;;;;;;;;;;0;0.0;37;179196.0;sim
15;2002-05-27;;;;;;;;;;;;;;;13;1105228.0;436;17679.0;não
16;2002-06-06;;;;;;;;;;;;;;;7;1975676.0;157;88087.0;não
17;2002-06-11;;;;;;;;;;;;;;;0;0.0;22;422117.0;sim
18;2002-06-14;;;;;;;;;;;;;;;1;19029787.0;49;198841.0;não
19;2002-06-18;;;;;;;;;;;;;;;20;330548.0;401;16424.0;não
20;2002-06-24;;;;;;;;;;;;;;;2;2190422.0;52;84247.0;não
21;2002-07-01;;;;;;;;;;;;;;;3;1376556.0;107;38449.0;não
22;2002-07-11;;;;;;;;;;;;;;;0;0.0;0;0.0;sim
23;2002-07-15;;;;;;;;;;;;;;;0;0.0;37;152014.0;sim
24;2002-07-22;;;;;;;;;;;;;;;4;5094295.0;109;50924.0;não
25;2002-07-30;;;;;;;;;;;;;;;0;0.0;6;647827.0;sim
26;2002-08-05;;;;;;;;;;;;;;;0;0.0;6;716315.0;sim
27;2002-08-12;;;;;;;;;;;;;;;31;502151.0;746;9858.0;não
28;2002-08-19;;;;;;;;;;;;;;;0;0.0;5;1034272.0;sim
29;2002-08-26;;;;;;;;;;;;;;;0;0.0;0;0.0;sim
30;2002-09-02;;;;;;;;;;;;;;;5;15795258.0;134;65946.0;não
31;2002-09-09;;;;;;;;;;;;;;;88;238475.0;1625;3676.0;não
32;2002-09-16;;;;;;;;;;;;;;;3;8021863.0;127;53936.0;não
33;2002-09-23;;;;;;;;;;;;;;;0;0.0;13;498249.0;sim
34;2002-09-30;;;;;;;;;;;;;;;0;0.0;51;140709.0;sim
35;2002-10-07;;;;;;;;;;;;;;;33;2388506.0;1243;7106.0;não
36;2002-10-14;;;;;;;;;;;;;;;0;0.0;12;424992.0;sim
37;2002-10-21;;;;;;;;;;;;;;;15;3085811.0;524;15448.0;não
38;2002-10-28;;;;;;;;;;;;;;;22;757434.0;399;11888.0;não
39;2002-11-04;;;;;;;;;;;;;;;1;16880464.0;106;45328.0;não
40;2002-11-11;;;;;;;;;;;;;;;0;0.0;5;1160004.0;sim
41;2002-11-18;;;;;;;;;;;;;;;0;0.0;6;1066282.0;sim
42;2002-11-25;;;;;;;;;;;;;;;8;8693167.0;134;5704.0;não
43;2002-12-02;;;;;;;;;;;;;;;0;0.0;1;4406998.0;sim
44;2002-12-09;;;;;;;;;;;;;;;0;0.0;62;95622.0;sim
45;2002-12-16;;;;;;;;;;;;;;;1;66724384.0;80;109107.0;não
46;2002-12-23;;;;;;;;;;;;;;;0;0.0;1;535413.0;sim
47;2003-01-13;;;;;;;;;;;;;;;0;0.0;14;429038.0;sim
48;2003-01-20;;;;;;;;;;;;;;;30;2219899.0;773;9882.0;não
49;2003-01-27;;;;;;;;;;;;;;;6;2962064.0;162;31225.0;não
50;2003-02-03;;;;;;;;;;;;;;;8;2493305.0;421;13486.0;não
51;2003-02-10;;;;;;;;;;;;;;;1;20351071.0;59;98553.0;não
52;2003-02-17;;;;;;;;;;;;;;;8;2632614.0;266;22537.0;não
53;2003-02-24;;;;;;;;;;;;;;;1;24766735.0;37;191249.0;não
54;2003-03-06;;;;;;;;;;;;;;;2;8032285.0;39;117689.0;não
55;2003-03-10;;;;;;;;;;;;;;;22;724787.0;863;5259.0;não
56;2003-03-17;;;;;;;;;;;;;;;0;0.0;20;283233.0;sim
57;2003-03-24;;;;;;;;;;;;;;;878;50884.0;12693;561.0;não
58;2003-03-31;;;;;;;;;;;;;;;0;0.0;0;0.0;sim
59;2003-04-07;;;;;;;;;;;;;;;0;0.0;6;1182235.0;sim
60;2003-04-14;;;;;;;;;;;;;;;67;1243917.0;1399;6535.0;não
61;2003-04-22;;;;;;;;;;;;;;;5;3702254.0;88;59874.0;não
62;2003-04-28;;;;;;;;;;;;;;;0;0.0;13;452443.0;sim
63;2003-05-05;;;;;;;;;;;;;;;2;23187632.0;112;6554.0;não
64;2003-05-12;;;;;;;;;;;;;;;3;7684262.0;74;89007.0;não
65;2003-05-19;;;;;;;;;;;;;;;3;7888555.0;86;78326.0;não
66;2003-05-26;;;;;;;;;;;;;;;1;22330033.0;86;73905.0;não
67;2003-06-02;;;;;;;;;;;;;;;29;951128.0;2167;3624.0;não
68;2003-06-09;;;;;;;;;;;;;;;0;0.0;3;2474262.0;sim
69;2003-06-16;;;;;;;;;;;;;;;0;0.0;0;0.0;sim
70;2003-06-23;;;;;;;;;;;;;;;194;538013.0;3490;3367.0;não
71;2003-06-30;;;;;;;;;;;;;;;2;12234507.0;88;79144.0;não
72;2003-07-07;;;;;;;;;;;;;;;1;26011907.0;67;110925.0;não
73;2003-07-14;;;;;;;;;;;;;;;0;0.0;5;1402215.0;sim
74;2003-07-21;;;;;;;;;;;;;;;789;70365.0;11410;779.0;não
75;2003-07-28;;;;;;;;;;;;;;;0;0.0;15;478165.0;sim
76;2003-08-04;;;;;;;;;;;;;;;1;59047798.0;7;1385476.0;não
77;2003-08-11;;;;;;;;;;;;;;;0;0.0;8;914917.0;sim
78;2003-08-18;;;;;;;;;;;;;;;0;0.0;4;2266845.0;sim
79;2003-08-25;;;;;;;;;;;;;;;838;120902.0;13357;938.0;não
80;2003-09-01;;;;;;;;;;;;;;;0;0.0;24;34873.0;sim
81;2003-09-08;;;;;;;;;;;;;;;0;0.0;2;3255491.0;sim
82;2003-09-15;;;;;;;;;;;;;;;45;2024419.0;2017;5506.0;não
83;2003-09-22;;;;;;;;;;;;;;;0;0.0;37;219222.0;sim
84;2003-09-29;;;;;;;;;;;;;;;100;620672.0;2451;3912.0;não
85;2003-10-06;;;;;;;;;;;;;;;0;0.0;12;62258.0;sim
86;2003-10-13;;;;;;;;;;;;;;;0;0.0;5;147427.0;sim
87;2003-10-20;;;;;;;;;;;;;;;6;15066566.0;225;48642.0;não
88;2003-10-27;;;;;;;;;;;;;;;0;0.0;5;1521926.0;sim
89;2003-11-03;;;;;;;;;;;;;;;4;13942925.0;116;71497.0;não
90;2003-11-10;;;;;;;;;;;;;;;7;3404644.0;264;19272.0;não
91;2003-11-24;;;;;;;;;;;;;;;84;304598.0;2536;2154.0;não
92;2003-12-01;;;;;;;;;;;;;;;45;434725.0;1068;3911.0;não
93;2003-12-08;;;;;;;;;;;;;;;0;0.0;1;3703688.0;sim
94;2003-12-15;;;;;;;;;;;;;;;14;2866825.0;640;7622.0;não
95;2004-01-05;;;;;;;;;;;;;;;0;0.0;6;403632.0;sim
96;2004-01-12;;;;;;;;;;;;;;;7;7081772.0;412;7715.0;não
97;2004-01-26;;;;;;;;;;;;;;;2;9692335.0;144;28737.0;não
98;2004-02-02;;;;;;;;;;;;;;;0;0.0;45;69779.0;sim
99;2004-02-09;;;;;;;;;;;;;;;3;11317501.0;72;57054.0;não
100;2004-02-16;;;;;;;;;;;;;;;1;36155726.0;48;85331.0;não
101;2004-02-25;;;;;;;;;;;;;;;2887;718.0;33721;132.0;não
102;2004-03-01;;;;;;;;;;;;;;;18;935648.0;553;6502.0;não
103;2004-03-08;;;;;;;;;;;;;;;13;1571218.0;611;7137.0;não
104;2004-03-15;;;;;;;;;;;;;;;1;19395031.0;98;42248.0;não
105;2004-03-22;;;;;;;;;;;;;;;315;141014.0;6363;796.0;não
106;2004-03-29;;;;;;;;;;;;;;;18;1115023.0;991;4324.0;não
107;2004-04-05;;;;;;;;;;;;;;;0;0.0;17;243394.0;sim
108;2004-04-12;;;;;;;;;;;;;;;141;240994.0;2160;1451.0;não
109;2004-04-19;;;;;;;;;;;;;;;1;14216571.0;18;169245.0;não
110;2004-04-26;;;;;;;;;;;;;;;0;0.0;3;1431682.0;sim
111;2004-05-03;;;;;;;;;;;;;;;27;2258546.0;670;6763.0;não
112;2004-05-10;;;;;;;;;;;;;;;0;0.0;20;21605.0;sim
113;2004-05-17;;;;;;;;;;;;;;;0;0.0;8;601162.0;sim
114;2004-05-24;;;;;;;;;;;;;;;0;0.0;1;5357039.0;sim
115;2004-05-31;;;;;;;;;;;;;;;1;125694971.0;14;531992.0;não
116;2004-06-07;;;;;;;;;;;;;;;15;757524.0;555;4371.0;não
117;2004-06-14;;;;;;;;;;;;;;;0;0.0;12;320449.0;sim
118;2004-06-21;;;;;;;;;;;;;;;0;0.0;4;1096532.0;sim
119;2004-06-28;;;;;;;;;;;;;;;0;0.0;12;38758.0;sim
120;2004-07-05;;;;;;;;;;;;;;;2;59412588.0;48;160454.0;não
121;2004-07-12;;;;;;;;;;;;;;;202;91733.0;3135;1263.0;não
122;2004-07-19;;;;;;;;;;;;;;;3;718750.0;105;43838.0;não
123;2004-07-26;;;;;;;;;;;;;;;0;0.0;35;121145.0;sim
124;2004-08-02;;;;;;;;;;;;;;;1;43283912.0;10;503506.0;não
125;2004-08-09;;;;;;;;;;;;;;;0;0.0;0;0.0;sim
126;2004-08-16;;;;;;;;;;;;;;;0;0.0;57;10820.0;sim
127;2004-08-23;;;;;;;;;;;;;;;1;12212445.0;91;91365.0;não
128;2004-08-30;;;;;;;;;;;;;;;0;0.0;0;0.0;sim
129;2004-09-06;;;;;;;;;;;;;;;7;5790942.0;163;24475.0;não
130;2004-09-13;;;;;;;;;;;;;;;2;24136011.0;66;67332.0;não
131;2004-09-20;;;;;;;;;;;;;;;0;0.0;35;115572.0;sim
132;2004-09-27;;;;;;;;;;;;;;;53;781666.0;1088;4426.0;não
133;2004-10-04;;;;;;;;;;;;;;;116;179381.0;2556;1739.0;não
134;2004-10-11;;;;;;;;;;;;;;;3;3652245.0;98;23867.0;não
135;2004-10-18;;;;;;;;;;;;;;;10;4307123.0;275;17797.0;não
136;2004-10-25;;;;;;;;;;;;;;;0;0.0;2;1798786.0;sim
137;2004-11-01;;;;;;;;;;;;;;;1;37969124.0;33;137536.0;não
138;2004-11-08;;;;;;;;;;;;;;;105;182259.0;2159;1893.0;não
139;2004-11-16;;;;;;;;;;;;;;;1;2029727.0;33;131801.0;não
140;2004-11-22;;;;;;;;;;;;;;;1;46009642.0;76;68847.0;não
141;2004-11-29;;;;;;;;;;;;;;;2;1051297.0;66;68007.0;não
142;2004-12-06;;;;;;;;;;;;;;;20;1159429.0;511;9688.0;não
143;2004-12-13;;;;;;;;;;;;;;;0;0.0;31;152561.0;sim
144;2004-12-20;;;;;;;;;;;;;;;0;0.0;18;338695.0;sim
145;2005-01-10;;;;;;;;;;;;;;;0;0.0;23;204788.0;sim
146;2005-01-17;;;;;;;;;;;;;;;0;0.0;0;0.0;sim
147;2005-01-24;;;;;;;;;;;;;;;64;2645855.0;1953;4342.0;não
148;2005-01-31;;;;;;;;;;;;;;;0;0.0;12;377067.0;sim
149;2005-02-09;;;;;;;;;;;;;;;7;6233465.0;220;21851.0;não
150;2005-02-14;;;;;;;;;;;;;;;5;10032755.0;149;31552.0;não
151;2005-02-21;;;;;;;;;;;;;;;11;1591156.0;353;10585.0;não
152;2005-03-01;;;;;;;;;;;;;;;10;1798048.0;323;11883.0;não
153;2005-03-07;;;;;;;;;;;;;;;0;0.0;1;4377487.0;sim
154;2005-03-14;;;;;;;;;;;;;;;2;23843936.0;73;80019.0;não
155;2005-03-21;;;;;;;;;;;;;;;2;22123657.0;83;55827.0;não
156;2005-03-28;;;;;;;;;;;;;;;8;2256635.0;301;12804.0;não
157;2005-04-04;;;;;;;;;;;;;;;0;0.0;12;281714.0;sim
158;2005-04-11;;;;;;;;;;;;;;;5;6762784.0;140;27505.0;não
159;2005-04-18;;;;;;;;;;;;;;;0;0.0;2;1561432.0;sim
160;2005-04-25;;;;;;;;;;;;;;;0;0.0;2;2520411.0;sim
161;2005-05-02;;;;;;;;;;;;;;;0;0.0;6;1018142.0;sim
162;2005-05-09;;;;;;;;;;;;;;;12;10405797.0;286;29391.0;não
163;2005-05-16;;;;;;;;;;;;;;;3;7167163.0;53;86933.0;não
164;2005-05-23;;;;;;;;;;;;;;;29;758264.0;819;5733.0;não
165;2005-05-30;;;;;;;;;;;;;;;0;0.0;2;244127.0;sim
166;2005-06-06;;;;;;;;;;;;;;;0;0.0;5;982075.0;sim
167;2005-06-13;;;;;;;;;;;;;;;0;0.0;10;787581.0;sim
168;2005-06-20;;;;;;;;;;;;;;;4;38809728.0;173;54143.0;não
169;2005-06-27;;;;;;;;;;;;;;;0;0.0;1;5025006.0;sim
170;2005-07-04;;;;;;;;;;;;;;;0;0.0;17;41507.0;sim
171;2005-07-11;;;;;;;;;;;;;;;0;0.0;21;343793.0;sim
172;2005-07-18;;;;;;;;;;;;;;;0;0.0;5;1894682.0;sim
173;2005-07-25;;;;;;;;;;;;;;;2;109339583.0;104;107768.0;não
174;2005-08-01;;;;;;;;;;;;;;;0;0.0;4;1353707.0;sim
175;2005-08-08;;;;;;;;;;;;;;;0;0.0;9;892372.0;sim
176;2005-08-15;;;;;;;;;;;;;;;2;73082269.0;117;78536.0;não
177;2005-08-22;;;;;;;;;;;;;;;23;1212498.0;439;13562.0;não
178;2005-08-29;;;;;;;;;;;;;;;2;13474234.0;20;288734.0;não
179;2005-09-05;;;;;;;;;;;;;;;12;1350606.0;750;4614.0;não
180;2005-09-12;;;;;;;;;;;;;;;1;63725067.0;65;10301.0;não
181;2005-09-19;;;;;;;;;;;;;;;41;579983.0;1282;396.0;não
182;2005-09-26;;;;;;;;;;;;;;;31;774695.0;628;8164.0;não
183;2005-10-03;;;;;;;;;;;;;;;0;0.0;46;114218.0;sim
184;2005-10-10;;;;;;;;;;;;;;;6;7797958.0;260;18285.0;não
185;2005-10-17;;;;;;;;;;;;;;;0;0.0;15;35567.0;sim
186;2005-10-24;;;;;;;;;;;;;;;0;0.0;17;392543.0;sim
187;2005-10-31;;;;;;;;;;;;;;;2;60176263.0;145;54989.0;não
188;2005-11-07;;;;;;;;;;;;;;;25;942073.0;646;7783.0;não
189;2005-11-14;;;;;;;;;;;;;;;3;7842622.0;90;55807.0;não
190;2005-11-21;;;;;;;;;;;;;;;3;19433711.0;89;67641.0;não
191;2005-11-28;;;;;;;;;;;;;;;3;8259398.0;79;66955.0;não
192;2005-12-05;;;;;;;;;;;;;;;24;985721.0;943;5356.0;não
193;2005-12-12;;;;;;;;;;;;;;;0;0.0;16;156476.0;sim
194;2005-12-19;;;;;;;;;;;;;;;0;0.0;6;652942.0;sim
195;2006-01-09;;;;;;;;;;;;;;;5;15121753.0;93;52334.0;não
196;2006-01-16;;;;;;;;;;;;;;;7;2775578.0;203;20432.0;não
197;2006-01-23;;;;;;;;;;;;;;;1;17507364.0;56;66739.0;não
198;2006-01-30;;;;;;;;;;;;;;;2;10367484.0;18;246845.0;não
199;2006-02-06;;;;;;;;;;;;;;;3;6238026.0;68;58749.0;não
200;2006-02-13;;;;;;;;;;;;;;;0;0.0;40;15337.0;sim
201;2006-02-20;;;;;;;;;;;;;;;1;88687249.0;16;51970.0;não
202;2006-03-01;;;;;;;;;;;;;;;1;2553138.0;25;218841.0;não
203;2006-03-06;;;;;;;;;;;;;;;0;0.0;1;418119.0;sim
204;2006-03-13;;;;;;;;;;;;;;;3;15198438.0;52;107485.0;não
205;2006-03-20;;;;;;;;;;;;;;;13;4494969.0;344;17837.0;não
206;2006-03-27;;;;;;;;;;;;;;;5;4302083.0;158;29064.0;não
207;2006-04-03;;;;;;;;;;;;;;;0;0.0;0;0.0;sim
208;2006-04-10;;;;;;;;;;;;;;;1;44205277.0;30;17989.0;não
209;2006-04-17;;;;;;;;;;;;;;;0;0.0;3;1158871.0;sim
210;2006-04-24;;;;;;;;;;;;;;;9;7746847.0;188;34631.0;não
211;2006-05-02;;;;;;;;;;;;;;;0;0.0;20;227461.0;sim
212;2006-05-08;;;;;;;;;;;;;;;8;6008153.0;329;17413.0;não
213;2006-05-15;;;;;;;;;;;;;;;0;0.0;56;84123.0;sim
214;2006-05-22;;;;;;;;;;;;;;;1;5123644.0;55;11397.0;não
215;2006-05-29;;;;;;;;;;;;;;;0;0.0;2;2725116.0;sim
216;2006-06-05;;;;;;;;;;;;;;;0;0.0;29;284531.0;sim
217;2006-06-14;;;;;;;;;;;;;;;204;817917.0;5394;2973.0;não
218;2006-06-22;;;;;;;;;;;;;;;12;3597734.0;342;26949.0;não
219;2006-06-27;;;;;;;;;;;;;;;10;1257991.0;319;8419.0;não
220;2006-07-03;;;;;;;;;;;;;;;0;0.0;29;114051.0;sim
221;2006-07-13;;;;;;;;;;;;;;;6;1379581.0;146;3743.0;não
222;2006-07-17;;;;;;;;;;;;;;;1;14839316.0;7;454265.0;não
223;2006-07-24;;;;;;;;;;;;;;;1;19916467.0;18;237101.0;não
224;2006-07-31;;;;;;;;;;;;;;;0;0.0;2;2018166.0;sim
225;2006-08-07;;;;;;;;;;;;;;;6;11128564.0;172;34328.0;não
226;2006-08-14;;;;;;;;;;;;;;;0;0.0;4;1046503.0;sim
227;2006-08-21;;;;;;;;;;;;;;;0;0.0;15;362959.0;sim
228;2006-08-28;;;;;;;;;;;;;;;0;0.0;3;2331726.0;sim
229;2006-09-04;;;;;;;;;;;;;;;0;0.0;34;23255.0;sim
230;2006-09-11;;;;;;;;;;;;;;;3;64358728.0;86;119934.0;não
231;2006-09-18;;;;;;;;;;;;;;;31;720642.0;828;5761.0;não
232;2006-09-25;;;;;;;;;;;;;;;0;0.0;6;762686.0;sim
233;2006-10-05;;;;;;;;;;;;;;;71;652732.0;1636;3261.0;não
234;2006-10-09;;;;;;;;;;;;;;;795;20879.0;9843;362.0;não
235;2006-10-16;;;;;;;;;;;;;;;5;10449244.0;171;29517.0;não
236;2006-10-23;;;;;;;;;;;;;;;26;818699.0;702;6474.0;não
237;2006-10-30;;;;;;;;;;;;;;;1;20269605.0;15;289566.0;não
238;2006-11-06;;;;;;;;;;;;;;;1;19041848.0;61;66638.0;não
239;2006-11-13;;;;;;;;;;;;;;;2;9542643.0;55;74077.0;não
240;2006-11-20;;;;;;;;;;;;;;;0;0.0;0;0.0;sim
241;2006-11-27;;;;;;;;;;;;;;;2;41282354.0;145;45547.0;não
242;2006-12-04;;;;;;;;;;;;;;;1;15238548.0;24;136059.0;não
243;2006-12-11;;;;;;;;;;;;;;;0;0.0;9;286491.0;sim
244;2006-12-18;;;;;;;;;;;;;;;2;13814724.0;27;123784.0;não
245;2006-12-26;;;;;;;;;;;;;;;9;3836306.0;202;14275.0;não
246;2007-01-08;;;;;;;;;;;;;;;5;2146908.0;220;10417.0;não
247;2007-01-15;;;;;;;;;;;;;;;0;0.0;1;2616159.0;sim
248;2007-01-22;;;;;;;;;;;;;;;1;32145101.0;40;106802.0;não
249;2007-01-29;;;;;;;;;;;;;;;1;17987414.0;45;85655.0;não
250;2007-02-05;;;;;;;;;;;;;;;7;5608453.0;132;37717.0;não
251;2007-02-12;;;;;;;;;;;;;;;0;0.0;11;340583.0;sim
252;2007-02-21;;;;;;;;;;;;;;;0;0.0;2;2702117.0;sim
253;2007-02-26;;;;;;;;;;;;;;;26;2753623.0;599;10297.0;não
254;2007-03-05;;;;;;;;;;;;;;;19;1041871.0;639;6614.0;não
255;2007-03-12;;;;;;;;;;;;;;;12;424419.0;395;1424.0;não
256;2007-03-19;;;;;;;;;;;;;;;7792;3267.0;68348;8.0;não
257;2007-03-26;;;;;;;;;;;;;;;5;4309032.0;140;32852.0;não
258;2007-04-02;;;;;;;;;;;;;;;0;0.0;4;1080266.0;sim
259;2007-04-09;;;;;;;;;;;;;;;135;31666.0;2278;2116.0;não
260;2007-04-16;;;;;;;;;;;;;;;1;43568448.0;26;15387.0;não
261;2007-04-23;;;;;;;;;;;;;;;1;14662907.0;2;1571026.0;não
262;2007-05-02;;;;;;;;;;;;;;;0;0.0;33;75502.0;sim
263;2007-05-07;;;;;;;;;;;;;;;0;0.0;6;564917.0;sim
264;2007-05-14;;;;;;;;;;;;;;;4;12296623.0;65;71259.0;não
265;2007-05-21;;;;;;;;;;;;;;;1;39174317.0;46;100117.0;não
266;2007-05-28;;;;;;;;;;;;;;;0;0.0;4;1030097.0;sim
267;2007-06-04;;;;;;;;;;;;;;;0;0.0;5;1025314.0;sim
268;2007-06-11;;;;;;;;;;;;;;;0;0.0;14;453723.0;sim
269;2007-06-18;;;;;;;;;;;;;;;0;0.0;24;372622.0;sim
270;2007-06-25;;;;;;;;;;;;;;;0;0.0;9;1269438.0;sim
271;2007-07-02;;;;;;;;;;;;;;;11;23523107.0;306;43086.0;não
272;2007-07-09;;;;;;;;;;;;;;;1;24865645.0;39;136624.0;não
273;2007-07-16;;;;;;;;;;;;;;;3;7081623.0;92;49295.0;não
274;2007-07-23;;;;;;;;;;;;;;;0;0.0;18;264349.0;sim
275;2007-07-30;;;;;;;;;;;;;;;0;0.0;2;3681463.0;sim
276;2007-08-06;;;;;;;;;;;;;;;50;281522.0;1114;8604.0;não
277;2007-08-13;;;;;;;;;;;;;;;4;6469408.0;77;71743.0;não
278;2007-08-20;;;;;;;;;;;;;;;6;4937591.0;194;32599.0;não
279;2007-08-27;;;;;;;;;;;;;;;79;305927.0;1598;3229.0;não
280;2007-09-03;;;;;;;;;;;;;;;3;2204011.0;97;70565.0;não
281;2007-09-10;;;;;;;;;;;;;;;23;103505.0;644;7892.0;não
282;2007-09-17;;;;;;;;;;;;;;;2;12494643.0;43;124531.0;não
283;2007-09-24;;;;;;;;;;;;;;;1;24607394.0;81;64852.0;não
284;2007-10-01;;;;;;;;;;;;;;;0;0.0;0;0.0;sim
285;2007-10-08;;;;;;;;;;;;;;;3;35251041.0;111;81085.0;não
286;2007-10-15;;;;;;;;;;;;;;;0;0.0;1;4685499.0;sim
287;2007-10-22;;;;;;;;;;;;;;;190;285551.0;3071;2252.0;não
288;2007-10-29;;;;;;;;;;;;;;;0;0.0;30;180404.0;sim
289;2007-11-05;;;;;;;;;;;;;;;0;0.0;1;6245139.0;sim
290;2007-11-12;;;;;;;;;;;;;;;2;6619328.0;84;116588.0;não
291;2007-11-19;;;;;;;;;;;;;;;0;0.0;8;506509.0;sim
292;2007-11-26;;;;;;;;;;;;;;;1;47191093.0;64;94692.0;não
293;2007-12-03;;;;;;;;;;;;;;;0;0.0;0;0.0;sim
294;2008-01-07;;;;;;;;;;;;;;;904;41716.0;12977;261.0;não
295;2008-01-14;;;;;;;;;;;;;;;0;0.0;90;36271.0;sim
296;2008-01-21;;;;;;;;;;;;;;;2;34277904.0;57;95246.0;não
297;2008-01-28;;;;;;;;;;;;;;;0;0.0;18;283946.0;sim
298;2008-02-06;;;;;;;;;;;;;;;0;0.0;8;841422.0;sim
299;2008-02-11;;;;;;;;;;;;;;;3;29514715.0;121;58937.0;não
300;2008-02-18;;;;;;;;;;;;;;;0;0.0;40;15927.0;sim
301;2008-02-25;;;;;;;;;;;;;;;14;7011395.0;473;18466.0;não
302;2008-03-03;;;;;;;;;;;;;;;804;39446.0;16681;408.0;não
303;2008-03-10;;;;;;;;;;;;;;;1853;14882.0;32747;18.0;não
304;2008-03-17;;;;;;;;;;;;;;;0;0.0;16;306418.0;sim
305;2008-03-24;;;;;;;;;;;;;;;219;407718.0;3686;1959.0;não
306;2008-03-31;;;;;;;;;;;;;;;0;0.0;23;235963.0;sim
307;2008-04-07;;;;;;;;;;;;;;;0;0.0;8;767603.0;sim
308;2008-04-14;;;;;;;;;;;;;;;2;45019798.0;149;51854.0;não
309;2008-04-22;;;;;;;;;;;;;;;0;0.0;22;216159.0;sim
310;2008-04-28;;;;;;;;;;;;;;;2;40391302.0;25;234168.0;não
311;2008-05-05;;;;;;;;;;;;;;;13;1463929.0;437;9332.0;não
312;2008-05-12;;;;;;;;;;;;;;;8;2476351.0;223;19037.0;não
313;2008-05-19;;;;;;;;;;;;;;;1;21156294.0;73;62103.0;não
314;2008-05-26;;;;;;;;;;;;;;;1;21215187.0;44;103321.0;não
315;2008-06-02;;;;;;;;;;;;;;;0;0.0;6;101109.0;sim
316;2008-06-09;;;;;;;;;;;;;;;29;314940.0;983;8669.0;não
317;2008-06-16;;;;;;;;;;;;;;;0;0.0;12;412117.0;sim
318;2008-06-23;;;;;;;;;;;;;;;1;56824088.0;101;71596.0;não
319;2008-06-30;;;;;;;;;;;;;;;0;0.0;29;177173.0;sim
320;2008-07-07;;;;;;;;;;;;;;;0;0.0;49;173488.0;sim
321;2008-07-14;;;;;;;;;;;;;;;0;0.0;19;523791.0;sim
322;2008-07-21;;;;;;;;;;;;;;;34;6278982.0;948;1616.0;não
323;2008-07-28;;;;;;;;;;;;;;;0;0.0;6;854804.0;sim
324;2008-08-04;;;;;;;;;;;;;;;1;62812058.0;112;74383.0;não
325;2008-08-11;;;;;;;;;;;;;;;6;13795345.0;422;18046.0;não
326;2008-08-18;;;;;;;;;;;;;;;104;238205.0;2221;239.0;não
327;2008-08-25;;;;;;;;;;;;;;;0;0.0;12;415362.0;sim
328;2008-09-01;;;;;;;;;;;;;;;0;0.0;13;563394.0;sim
329;2008-09-08;;;;;;;;;;;;;;;69;1353556.0;2101;3667.0;não
330;2008-09-15;;;;;;;;;;;;;;;2;32684119.0;98;70913.0;não
331;2008-09-22;;;;;;;;;;;;;;;144;190535.0;3164;1858.0;não
332;2008-09-29;;;;;;;;;;;;;;;14;1847886.0;399;13894.0;não
333;2008-10-06;;;;;;;;;;;;;;;64;404016.0;1709;3242.0;não
334;2008-10-13;;;;;;;;;;;;;;;0;0.0;1;4762154.0;sim
335;2008-10-20;;;;;;;;;;;;;;;1;85202749.0;41;179289.0;não
336;2008-10-27;;;;;;;;;;;;;;;0;0.0;6;900896.0;sim
337;2008-11-03;;;;;;;;;;;;;;;0;0.0;38;19285.0;sim
338;2008-11-10;;;;;;;;;;;;;;;0;0.0;29;30716.0;sim
339;2008-11-17;;;;;;;;;;;;;;;812;179812.0;11422;845.0;não
340;2008-11-24;;;;;;;;;;;;;;;0;0.0;13;540781.0;sim
341;2008-12-01;;;;;;;;;;;;;;;1;116237586.0;15;639888.0;não
342;2008-12-08;;;;;;;;;;;;;;;0;0.0;1;6476018.0;sim
343;2008-12-15;;;;;;;;;;;;;;;0;0.0;12;286541.0;sim
344;2009-01-05;;;;;;;;;;;;;;;1;56701918.0;12;186325.0;não
345;2009-01-12;;;;;;;;;;;;;;;0;0.0;7;472592.0;sim
346;2009-01-19;;;;;;;;;;;;;;;10;6275654.0;328;12113.0;não
347;2009-01-26;;;;;;;;;;;;;;;11;1984038.0;265;17648.0;não
348;2009-02-02;;;;;;;;;;;;;;;0;0.0;10;382371.0;sim
349;2009-02-09;;;;;;;;;;;;;;;0;0.0;24;207496.0;sim
350;2009-02-16;;;;;;;;;;;;;;;25;374153.0;577;1177.0;não
351;2009-02-25;;;;;;;;;;;;;;;2;11614711.0;71;70109.0;não
352;2009-03-02;;;;;;;;;;;;;;;5;4922135.0;102;51703.0;não
353;2009-03-09;;;;;;;;;;;;;;;17;1411793.0;561;9168.0;não
354;2009-03-16;;;;;;;;;;;;;;;5;4884455.0;131;39949.0;não
355;2009-03-23;;;;;;;;;;;;;;;0;0.0;1;5745865.0;sim
356;2009-03-30;;;;;;;;;;;;;;;2;44177708.0;77;9496.0;não
357;2009-04-06;;;;;;;;;;;;;;;1;23696594.0;70;72541.0;não
358;2009-04-13;;;;;;;;;;;;;;;6;3239325.0;292;14263.0;não
359;2009-04-20;;;;;;;;;;;;;;;0;0.0;2;2479059.0;sim
360;2009-04-27;;;;;;;;;;;;;;;1;73634811.0;23;216507.0;não
361;2009-05-04;;;;;;;;;;;;;;;4;4647647.0;177;22507.0;não
362;2009-05-11;;;;;;;;;;;;;;;1;21036995.0;8;563491.0;não
363;2009-05-18;;;;;;;;;;;;;;;0;0.0;2;233622.0;sim
364;2009-05-25;;;;;;;;;;;;;;;1;4804387.0;89;63176.0;não
365;2009-06-01;;;;;;;;;;;;;;;5;10400582.0;104;5818.0;não
366;2009-06-08;;;;;;;;;;;;;;;0;0.0;11;429896.0;sim
367;2009-06-15;;;;;;;;;;;;;;;0;0.0;12;464095.0;sim
368;2009-06-22;;;;;;;;;;;;;;;0;0.0;5;1298455.0;sim
369;2009-06-29;;;;;;;;;;;;;;;40;2970933.0;838;10352.0;não
370;2009-07-06;;;;;;;;;;;;;;;2;29775368.0;43;139709.0;não
371;2009-07-13;;;;;;;;;;;;;;;23;1006171.0;818;6062.0;não
372;2009-07-20;;;;;;;;;;;;;;;0;0.0;3;1544529.0;sim
373;2009-07-27;;;;;;;;;;;;;;;0;0.0;17;358678.0;sim
374;2009-08-03;;;;;;;;;;;;;;;41;2109645.0;2363;3302.0;não
375;2009-08-10;;;;;;;;;;;;;;;0;0.0;4;1598297.0;sim
376;2009-08-17;;;;;;;;;;;;;;;3;33493656.0;118;74718.0;não
377;2009-08-24;;;;;;;;;;;;;;;6;4139299.0;124;42919.0;não
378;2009-08-31;;;;;;;;;;;;;;;1;26736442.0;14;409232.0;não
379;2009-09-08;;;;;;;;;;;;;;;1;27856671.0;22;271332.0;não
380;2009-09-14;;;;;;;;;;;;;;;1;64401345.0;8;861721.0;não
381;2009-09-21;;;;;;;;;;;;;;;0;0.0;10;630407.0;sim
382;2009-09-28;;;;;;;;;;;;;;;37;1669554.0;1041;9514.0;não
383;2009-10-05;;;;;;;;;;;;;;;0;0.0;5;1367541.0;sim
384;2009-10-13;;;;;;;;;;;;;;;0;0.0;0;0.0;sim
385;2009-10-19;;;;;;;;;;;;;;;8;19350588.0;175;87425.0;não
386;2009-10-26;;;;;;;;;;;;;;;1;27615319.0;21;281789.0;não
387;2009-11-03;;;;;;;;;;;;;;;0;0.0;6;910448.0;sim
388;2009-11-09;;;;;;;;;;;;;;;14;4109057.0;415;23629.0;não
389;2009-11-16;;;;;;;;;;;;;;;11;2479326.0;240;34786.0;não
390;2009-11-23;;;;;;;;;;;;;;;0;0.0;7;919322.0;sim
391;2009-11-30;;;;;;;;;;;;;;;62;152669.0;1591;5738.0;não
392;2009-12-07;;;;;;;;;;;;;;;2;14072579.0;79;109061.0;não
393;2009-12-14;;;;;;;;;;;;;;;0;0.0;2;1261396.0;sim
394;2010-01-04;;;;;;;;;;;;;;;0;0.0;1;971058.0;sim
395;2010-01-11;;;;;;;;;;;;;;;1;55255207.0;30;118566.0;não
396;2010-01-18;;;;;;;;;;;;;;;0;0.0;15;232124.0;sim
397;2010-01-25;;;;;;;;;;;;;;;0;0.0;6;822932.0;sim
398;2010-02-01;;;;;;;;;;;;;;;0;0.0;2;2686903.0;sim
399;2010-02-08;;;;;;;;;;;;;;;83;1180238.0;2398;4288.0;não
400;2010-02-18;;;;;;;;;;;;;;;0;0.0;4;1247062.0;sim
401;2010-02-22;;;;;;;;;;;;;;;0;0.0;0;0.0;sim
402;2010-03-01;;;;;;;;;;;;;;;12;9313368.0;695;16231.0;não
403;2010-03-09;;;;;;;;;;;;;;;12;1950226.0;352;20352.0;não
404;2010-03-15;;;;;;;;;;;;;;;0;0.0;10;477719.0;sim
405;2010-03-22;;;;;;;;;;;;;;;1;79220615.0;3;2105063.0;não
406;2010-03-30;;;;;;;;;;;;;;;3;6505405.0;114;52406.0;não
407;2010-04-05;;;;;;;;;;;;;;;1005;2579.0;14926;372.0;não
408;2010-04-12;;;;;;;;;;;;;;;0;0.0;7;530185.0;sim
409;2010-04-19;;;;;;;;;;;;;;;0;0.0;31;17347.0;sim
410;2010-04-26;;;;;;;;;;;;;;;28;3295356.0;573;14094.0;não
411;2010-05-03;;;;;;;;;;;;;;;0;0.0;3;1043545.0;sim
412;2010-05-10;;;;;;;;;;;;;;;1;35602316.0;64;100411.0;não
413;2010-05-17;;;;;;;;;;;;;;;0;0.0;0;0.0;sim
414;2010-05-24;;;;;;;;;;;;;;;32;1628435.0;963;8424.0;não
415;2010-05-31;;;;;;;;;;;;;;;0;0.0;2;2736076.0;sim
416;2010-06-07;;;;;;;;;;;;;;;0;0.0;10;667074.0;sim
417;2010-06-16;;;;;;;;;;;;;;;5;2616439.0;127;122147.0;não
418;2010-06-21;;;;;;;;;;;;;;;0;0.0;1;5796717.0;sim
419;2010-06-25;;;;;;;;;;;;;;;209;291364.0;4318;2399.0;não
420;2010-06-28;;;;;;;;;;;;;;;0;0.0;3;76657.0;sim
421;2010-07-05;;;;;;;;;;;;;;;0;0.0;2;1520411.0;sim
422;2010-07-15;;;;;;;;;;;;;;;0;0.0;0;0.0;sim
423;2010-07-19;;;;;;;;;;;;;;;0;0.0;35;165014.0;sim
424;2010-07-26;;;;;;;;;;;;;;;12;12787754.0;421;32552.0;não
425;2010-08-02;;;;;;;;;;;;;;;3;16859528.0;141;56895.0;não
426;2010-08-09;;;;;;;;;;;;;;;0;0.0;10;479583.0;sim
427;2010-08-16;;;;;;;;;;;;;;;1063;73254.0;14602;673.0;não
428;2010-08-23;;;;;;;;;;;;;;;0;0.0;1;559857.0;sim
429;2010-08-30;;;;;;;;;;;;;;;1;54974655.0;18;343429.0;não
430;2010-09-06;;;;;;;;;;;;;;;0;0.0;10;592058.0;sim
431;2010-09-13;;;;;;;;;;;;;;;0;0.0;5;1563637.0;sim
432;2010-09-20;;;;;;;;;;;;;;;0;0.0;23;40272.0;sim
433;2010-09-27;;;;;;;;;;;;;;;1;190603381.0;67;173308.0;não
434;2010-10-04;;;;;;;;;;;;;;;0;0.0;1;6131923.0;sim
435;2010-10-11;;;;;;;;;;;;;;;1;108918624.0;106;114241.0;não
436;2010-10-18;;;;;;;;;;;;;;;26;1002746.0;760;10501.0;não
437;2010-10-25;;;;;;;;;;;;;;;0;0.0;10;609283.0;sim
438;2010-11-01;;;;;;;;;;;;;;;1;56210196.0;40;148805.0;não
439;2010-11-08;;;;;;;;;;;;;;;0;0.0;14;354287.0;sim
440;2010-11-16;;;;;;;;;;;;;;;0;0.0;8;1066096.0;sim
441;2010-11-22;;;;;;;;;;;;;;;29;4906497.0;2207;6695.0;não
442;2010-11-29;;;;;;;;;;;;;;;413;11496.0;6991;1455.0;não
443;2010-12-06;;;;;;;;;;;;;;;13;2096153.0;428;1949.0;não
444;2011-01-10;;;;;;;;;;;;;;;9;1195124.0;183;17992.0;não
445;2011-01-17;;;;;;;;;;;;;;;0;0.0;2;1836568.0;sim
446;2011-01-24;;;;;;;;;;;;;;;0;0.0;15;462024.0;sim
447;2011-01-31;;;;;;;;;;;;;;;0;0.0;17;447055.0;sim
448;2011-02-07;;;;;;;;;;;;;;;1;175567285.0;34;355962.0;não
449;2011-02-14;;;;;;;;;;;;;;;10;2234907.0;426;16059.0;não
450;2011-02-21;;;;;;;;;;;;;;;1;69376063.0;14;524707.0;não
451;2011-02-28;;;;;;;;;;;;;;;2;15455082.0;127;74506.0;não
452;2011-03-10;;;;;;;;;;;;;;;0;0.0;6;837627.0;sim
453;2011-03-14;;;;;;;;;;;;;;;2;23562339.0;115;63011.0;não
454;2011-03-21;;;;;;;;;;;;;;;0;0.0;6;1049107.0;sim
455;2011-03-28;;;;;;;;;;;;;;;27;3549263.0;529;20886.0;não
456;2011-04-04;;;;;;;;;;;;;;;2;13052984.0;32;174817.0;não
457;2011-04-11;;;;;;;;;;;;;;;4;592605.0;106;68456.0;não
458;2011-04-18;;;;;;;;;;;;;;;8;315158.0;169;45669.0;não
459;2011-04-25;;;;;;;;;;;;;;;23;828613.0;648;9003.0;não
460;2011-05-02;;;;;;;;;;;;;;;2;27998789.0;43;140049.0;não
461;2011-05-09;;;;;;;;;;;;;;;0;0.0;5;869301.0;sim
462;2011-05-16;;;;;;;;;;;;;;;0;0.0;0;0.0;sim
463;2011-05-23;;;;;;;;;;;;;;;4;22814992.0;116;104229.0;não
464;2011-05-30;;;;;;;;;;;;;;;1;26869046.0;27;213246.0;não
465;2011-06-06;;;;;;;;;;;;;;;24;261538.0;707;14125.0;não
466;2011-06-13;;;;;;;;;;;;;;;0;0.0;4;1373077.0;sim
467;2011-06-20;;;;;;;;;;;;;;;1;62022394.0;15;519881.0;não
468;2011-06-27;;;;;;;;;;;;;;;3;7536437.0;110;6292.0;não
469;2011-07-07;;;;;;;;;;;;;;;1;3163874.0;41;165359.0;não
470;2011-07-11;;;;;;;;;;;;;;;3;19180915.0;55;14269.0;não
471;2011-07-18;;;;;;;;;;;;;;;26;996192.0;787;10074.0;não
472;2011-07-25;;;;;;;;;;;;;;;0;0.0;0;0.0;sim
473;2011-08-01;;;;;;;;;;;;;;;1;66936856.0;31;249387.0;não
474;2011-08-08;;;;;;;;;;;;;;;0;0.0;4;150171.0;sim
475;2011-08-15;;;;;;;;;;;;;;;7;15265703.0;279;53325.0;não
476;2011-08-22;;;;;;;;;;;;;;;0;0.0;2;2981046.0;sim
477;2011-08-29;;;;;;;;;;;;;;;0;0.0;11;612051.0;sim
478;2011-09-05;;;;;;;;;;;;;;;0;0.0;29;353862.0;sim
479;2011-09-12;;;;;;;;;;;;;;;2;80209444.0;45;253753.0;não
480;2011-09-19;;;;;;;;;;;;;;;1;81291201.0;35;223478.0;não
481;2011-09-26;;;;;;;;;;;;;;;1;34084397.0;170;61376.0;não
482;2011-10-03;;;;;;;;;;;;;;;0;0.0;3;2283757.0;sim
483;2011-10-10;;;;;;;;;;;;;;;2;34042534.0;51;151733.0;não
484;2011-10-17;;;;;;;;;;;;;;;5;5856212.0;177;50641.0;não
485;2011-10-24;;;;;;;;;;;;;;;0;0.0;9;875514.0;sim
486;2011-10-31;;;;;;;;;;;;;;;42;2959879.0;1055;14958.0;não
487;2011-11-07;;;;;;;;;;;;;;;0;0.0;4;1690895.0;sim
488;2011-11-14;;;;;;;;;;;;;;;3;25654645.0;100;138981.0;não
489;2011-11-21;;;;;;;;;;;;;;;1;35905726.0;61;126133.0;não
490;2011-11-28;;;;;;;;;;;;;;;2;42280329.0;90;140977.0;não
491;2011-12-05;;;;;;;;;;;;;;;25;1321015.0;588;17193.0;não
492;2012-01-09;;;;;;;;;;;;;;;0;0.0;83;44138.0;sim
493;2012-01-16;;;;;;;;;;;;;;;0;0.0;4;842574.0;sim
494;2012-01-23;;;;;;;;;;;;;;;12;4482745.0;483;1654.0;não
495;2012-01-30;;;;;;;;;;;;;;;15;3686546.0;495;1720.0;não
496;2012-02-06;;;;;;;;;;;;;;;0;0.0;1;4747468.0;sim
497;2012-02-13;;;;;;;;;;;;;;;9;5415889.0;296;27497.0;não
498;2012-02-23;;;;;;;;;;;;;;;11;2235624.0;443;16993.0;não
499;2012-02-27;;;;;;;;;;;;;;;0;0.0;6;750092.0;sim
500;2012-03-05;;;;;;;;;;;;;;;93;964455.0;2969;4383.0;não
501;2012-03-12;;;;;;;;;;;;;;;1;36210875.0;67;115813.0;não
502;2012-03-19;;;;;;;;;;;;;;;16;1698729.0;498;16707.0;não
503;2012-03-26;;;;;;;;;;;;;;;55;524319.0;1346;6558.0;não
504;2012-04-02;;;;;;;;;;;;;;;0;0.0;32;202636.0;sim
505;2012-04-09;;;;;;;;;;;;;;;38;2950814.0;1092;13038.0;não
506;2012-04-16;;;;;;;;;;;;;;;5;6074596.0;137;67867.0;não
507;2012-04-23;;;;;;;;;;;;;;;0;0.0;36;148171.0;sim
508;2012-05-02;;;;;;;;;;;;;;;40;1596155.0;1388;8591.0;não
509;2012-05-08;;;;;;;;;;;;;;;0;0.0;0;0.0;sim
510;2012-05-14;;;;;;;;;;;;;;;6;17635555.0;218;62976.0;não
511;2012-05-21;;;;;;;;;;;;;;;0;0.0;2;2674794.0;sim
512;2012-05-28;;;;;;;;;;;;;;;2;30542804.0;26;297699.0;não
513;2012-06-04;;;;;;;;;;;;;;;0;0.0;13;429533.0;sim
514;2012-06-11;;;;;;;;;;;;;;;8;706085.0;236;39469.0;não
515;2012-06-18;;;;;;;;;;;;;;;11;6350454.0;317;33847.0;não
516;2012-06-25;;;;;;;;;;;;;;;0;0.0;7;881419.0;sim
517;2012-07-02;;;;;;;;;;;;;;;3;2335467.0;58;152479.0;não
518;2012-07-09;;;;;;;;;;;;;;;73;412918.0;1831;5039.0;não
519;2012-07-16;;;;;;;;;;;;;;;0;0.0;70;128465.0;sim
520;2012-07-23;;;;;;;;;;;;;;;7;16704415.0;490;32659.0;não
521;2012-07-30;;;;;;;;;;;;;;;14;2364479.0;364;27839.0;não
522;2012-08-06;;;;;;;;;;;;;;;8;3871455.0;195;48621.0;não
523;2012-08-13;;;;;;;;;;;;;;;3;979441.0;53;11880.0;não
524;2012-08-20;;;;;;;;;;;;;;;67;473725.0;1367;7107.0;não
525;2012-08-27;;;;;;;;;;;;;;;0;0.0;2;3441602.0;sim
526;2012-09-03;;;;;;;;;;;;;;;18;6524915.0;478;30289.0;não
527;2012-09-10;;;;;;;;;;;;;;;0;0.0;2;2972614.0;sim
528;2012-09-17;;;;;;;;;;;;;;;0;0.0;3;2964244.0;sim
529;2012-09-24;;;;;;;;;;;;;;;61;205276.0;1407;12178.0;não
530;2012-10-01;;;;;;;;;;;;;;;3;29249463.0;45;209037.0;não
531;2012-10-08;;;;;;;;;;;;;;;54;590317.0;1221;7992.0;não
532;2012-10-15;;;;;;;;;;;;;;;6;5221783.0;145;66145.0;não
533;2012-10-22;;;;;;;;;;;;;;;0;0.0;6;1130162.0;sim
534;2012-10-29;;;;;;;;;;;;;;;376;178118.0;5900;1832.0;não
535;2012-11-05;;;;;;;;;;;;;;;0;0.0;15;50173.0;sim
536;2012-11-12;;;;;;;;;;;;;;;0;0.0;10;994549.0;sim
537;2012-11-19;;;;;;;;;;;;;;;0;0.0;5;266248.0;sim
538;2012-11-26;;;;;;;;;;;;;;;0;0.0;15;1094343.0;sim
539;2012-12-03;;;;;;;;;;;;;;;4;85809151.0;189;138763.0;não
540;2013-01-07;;;;;;;;;;;;;;;1;87544126.0;19;247971.0;não
541;2013-01-14;;;;;;;;;;;;;;;0;0.0;0;0.0;sim
542;2013-01-21;;;;;;;;;;;;;;;29;1528081.0;847;9188.0;não
543;2013-01-28;;;;;;;;;;;;;;;0;0.0;5;91525.0;sim
544;2013-02-04;;;;;;;;;;;;;;;0;0.0;25;268914.0;sim
545;2013-02-14;;;;;;;;;;;;;;;0;0.0;4;2553153.0;sim
546;2013-02-18;;;;;;;;;;;;;;;0;0.0;36;288088.0;sim
547;2013-02-25;;;;;;;;;;;;;;;133;1979756.0;2867;958.0;não
548;2013-03-04;;;;;;;;;;;;;;;1;30017416.0;7;91890.0;não
549;2013-03-12;;;;;;;;;;;;;;;3274;13439.0;35552;265.0;não
550;2013-03-18;;;;;;;;;;;;;;;1;88778567.0;15;513354.0;não
551;2013-03-25;;;;;;;;;;;;;;;5;6305464.0;217;44475.0;não
552;2013-04-01;;;;;;;;;;;;;;;0;0.0;12;418227.0;sim
553;2013-04-08;;;;;;;;;;;;;;;0;0.0;6;1209178.0;sim
554;2013-04-15;;;;;;;;;;;;;;;1;100083903.0;11;833887.0;não
555;2013-04-22;;;;;;;;;;;;;;;7;9788716.0;252;39623.0;não
556;2013-04-29;;;;;;;;;;;;;;;14;185881.0;508;15681.0;não
557;2013-05-06;;;;;;;;;;;;;;;0;0.0;8;624884.0;sim
558;2013-05-13;;;;;;;;;;;;;;;5;10139822.0;243;34479.0;não
559;2013-05-20;;;;;;;;;;;;;;;1;25894832.0;16;346806.0;não
560;2013-05-27;;;;;;;;;;;;;;;154;384669.0;3270;2832.0;não
561;2013-06-03;;;;;;;;;;;;;;;0;0.0;0;0.0;sim
562;2013-06-10;;;;;;;;;;;;;;;2;39148278.0;58;154433.0;não
563;2013-06-24;;;;;;;;;;;;;;;4780;1173.0;62241;193.0;não
564;2013-07-01;;;;;;;;;;;;;;;5;2633159.0;102;39513.0;não
565;2013-07-08;;;;;;;;;;;;;;;0;0.0;25;271746.0;sim
566;2013-07-15;;;;;;;;;;;;;;;5;21810585.0;104;130206.0;não
567;2013-07-22;;;;;;;;;;;;;;;0;0.0;3;2140148.0;sim
568;2013-07-29;;;;;;;;;;;;;;;20;3399998.0;456;25535.0;não
569;2013-08-05;;;;;;;;;;;;;;;178;157089.0;3071;2787.0;não
570;2013-08-12;;;;;;;;;;;;;;;0;0.0;1;8624205.0;sim
571;2013-08-19;;;;;;;;;;;;;;;5;26364777.0;183;91571.0;não
572;2013-08-26;;;;;;;;;;;;;;;2;16771653.0;111;92507.0;não
573;2013-09-02;;;;;;;;;;;;;;;0;0.0;14;498491.0;sim
574;2013-09-09;;;;;;;;;;;;;;;41;169302.0;2017;5592.0;não
575;2013-09-16;;;;;;;;;;;;;;;2;43549121.0;75;127662.0;não
576;2013-09-23;;;;;;;;;;;;;;;1;38478483.0;19;433968.0;não
577;2013-09-30;;;;;;;;;;;;;;;0;0.0;1;7457851.0;sim
578;2013-10-07;;;;;;;;;;;;;;;0;0.0;18;53024.0;sim
579;2013-10-14;;;;;;;;;;;;;;;34;3624229.0;820;16381.0;não
580;2013-10-21;;;;;;;;;;;;;;;1;87418913.0;30;308528.0;não
581;2013-10-28;;;;;;;;;;;;;;;1;31580099.0;51;13269.0;não
582;2013-11-04;;;;;;;;;;;;;;;1;26958888.0;26;222189.0;não
583;2013-11-11;;;;;;;;;;;;;;;14;2234634.0;422;22694.0;não
584;2013-11-18;;;;;;;;;;;;;;;78;436287.0;1928;5403.0;não
585;2013-11-25;;;;;;;;;;;;;;;2;37157545.0;51;161845.0;não
586;2013-12-02;;;;;;;;;;;;;;;1;38326766.0;38;216128.0;não
587;2013-12-09;;;;;;;;;;;;;;;0;0.0;2;3937041.0;sim
588;2014-01-06;;;;;;;;;;;;;;;2;28629158.0;65;96605.0;não
589;2014-01-13;;;;;;;;;;;;;;;1;14705971.0;19;165857.0;não
590;2014-01-20;;;;;;;;;;;;;;;0;0.0;18;336522.0;sim
591;2014-01-28;;;;;;;;;;;;;;;3;32758794.0;54;151273.0;não
592;2014-02-03;;;;;;;;;;;;;;;5;5262075.0;209;38536.0;não
593;2014-02-10;;;;;;;;;;;;;;;0;0.0;1;5087232.0;sim
594;2014-02-17;;;;;;;;;;;;;;;6;9711599.0;209;50574.0;não
595;2014-02-24;;;;;;;;;;;;;;;0;0.0;2;3570095.0;sim
596;2014-03-06;;;;;;;;;;;;;;;0;0.0;17;472593.0;sim
597;2014-03-10;;;;;;;;;;;;;;;1;149288977.0;49;201715.0;não
598;2014-03-17;;;;;;;;;;;;;;;24;1140083.0;704;11897.0;não
599;2014-03-24;;;;;;;;;;;;;;;9;263635.0;336;21617.0;não
600;2014-03-31;;;;;;;;;;;;;;;0;0.0;9;780009.0;sim
601;2014-04-07;;;;;;;;;;;;;;;1;107205161.0;68;173044.0;não
602;2014-04-14;;;;;;;;;;;;;;;4;636204.0;122;63854.0;não
603;2014-04-22;;;;;;;;;;;;;;;1;24885245.0;14;380897.0;não
604;2014-04-28;;;;;;;;;;;;;;;2;12110543.0;54;137307.0;não
605;2014-05-05;;;;;;;;;;;;;;;0;0.0;3;2599313.0;sim
606;2014-05-12;;;;;;;;;;;;;;;76;1503278.0;1844;774.0;não
607;2014-05-19;;;;;;;;;;;;;;;0;0.0;2;3307188.0;sim
608;2014-05-26;;;;;;;;;;;;;;;0;0.0;1;8061126.0;sim
609;2014-06-02;;;;;;;;;;;;;;;0;0.0;8;141072.0;sim
610;2014-06-16;;;;;;;;;;;;;;;18;17383435.0;1329;3409.0;não
611;2014-06-23;;;;;;;;;;;;;;;0;0.0;1;839382.0;sim
612;2014-06-26;;;;;;;;;;;;;;;67;1426926.0;1950;8859.0;não
613;2014-07-21;;;;;;;;;;;;;;;0;0.0;0;0.0;sim
614;2014-07-28;;;;;;;;;;;;;;;2;4488631.0;72;137278.0;não
615;2014-08-04;;;;;;;;;;;;;;;1;119250788.0;29;365496.0;não
616;2014-08-11;;;;;;;;;;;;;;;0;0.0;45;152674.0;sim
617;2014-08-18;;;;;;;;;;;;;;;0;0.0;21;450648.0;sim
618;2014-08-25;;;;;;;;;;;;;;;1;126018022.0;85;125529.0;não
619;2014-09-01;;;;;;;;;;;;;;;38;812819.0;738;12811.0;não
620;2014-09-08;;;;;;;;;;;;;;;0;0.0;3;2895051.0;sim
621;2014-09-15;;;;;;;;;;;;;;;137;1022014.0;2773;610.0;não
622;2014-09-22;;;;;;;;;;;;;;;21;1621721.0;555;18784.0;não
623;2014-09-29;;;;;;;;;;;;;;;26;1409254.0;780;1438.0;não
624;2014-10-06;;;;;;;;;;;;;;;1;33872736.0;41;177035.0;não
625;2014-10-13;;;;;;;;;;;;;;;0;0.0;19;490581.0;sim
626;2014-10-20;;;;;;;;;;;;;;;23;611187.0;720;23018.0;não
627;2014-10-27;;;;;;;;;;;;;;;38;1015747.0;890;13276.0;não
628;2014-11-03;;;;;;;;;;;;;;;8;4930795.0;344;35102.0;não
629;2014-11-10;;;;;;;;;;;;;;;4;8778675.0;131;82056.0;não
630;2014-11-17;;;;;;;;;;;;;;;8;10612476.0;294;41367.0;não
631;2014-11-24;;;;;;;;;;;;;;;0;0.0;6;1387502.0;sim
632;2014-12-01;;;;;;;;;;;;;;;0;0.0;22;496585.0;sim
633;2014-12-08;;;;;;;;;;;;;;;1;154395203.0;10;1383482.0;não
634;2015-01-05;;;;;;;;;;;;;;;1;1703432.0;37;140934.0;não
635;2015-01-12;;;;;;;;;;;;;;;181;419702.0;4123;228.0;não
636;2015-01-19;;;;;;;;;;;;;;;2;9672819.0;37;160057.0;não
637;2015-01-26;;;;;;;;;;;;;;;2;8854796.0;67;80914.0;não
638;2015-02-02;;;;;;;;;;;;;;;1;30663878.0;37;17759.0;não
639;2015-02-09;;;;;;;;;;;;;;;177;164988.0;3778;2366.0;não
640;2015-02-18;;;;;;;;;;;;;;;3;21601531.0;100;114652.0;não
641;2015-02-23;;;;;;;;;;;;;;;13;2213195.0;403;21855.0;não
642;2015-03-02;;;;;;;;;;;;;;;26;1247076.0;696;14261.0;não
643;2015-03-09;;;;;;;;;;;;;;;27;1214091.0;984;10197.0;não
644;2015-03-16;;;;;;;;;;;;;;;73;456158.0;2909;3504.0;não
645;2015-03-23;;;;;;;;;;;;;;;487;16615.0;7606;1835.0;não
646;2015-03-30;;;;;;;;;;;;;;;0;0.0;9;815125.0;sim
647;2015-04-06;;;;;;;;;;;;;;;1;73968556.0;11;774026.0;não
648;2015-04-13;;;;;;;;;;;;;;;1;23057372.0;115;61377.0;não
649;2015-04-20;;;;;;;;;;;;;;;2;13442378.0;67;122836.0;não
650;2015-04-27;;;;;;;;;;;;;;;0;0.0;6;1133913.0;sim
651;2015-05-04;;;;;;;;;;;;;;;0;0.0;6;1687873.0;sim
652;2015-05-11;;;;;;;;;;;;;;;0;0.0;6;219999.0;sim
653;2015-05-18;;;;;;;;;;;;;;;52;5049632.0;1383;18957.0;não
654;2015-05-25;;;;;;;;;;;;;;;2;23430279.0;61;164616.0;não
655;2015-06-01;;;;;;;;;;;;;;;0;0.0;4;2367375.0;sim
656;2015-06-08;;;;;;;;;;;;;;;0;0.0;44;279125.0;sim
657;2015-06-15;;;;;;;;;;;;;;;20;11635645.0;498;44678.0;não
658;2015-06-22;;;;;;;;;;;;;;;1;39076827.0;40;20934.0;não
659;2015-06-29;;;;;;;;;;;;;;;2;15922233.0;63;154735.0;não
660;2015-07-06;;;;;;;;;;;;;;;0;0.0;5;191249.0;sim
661;2015-07-13;;;;;;;;;;;;;;;345;426921.0;5233;2933.0;não
662;2015-07-20;;;;;;;;;;;;;;;1;3922318.0;54;155648.0;não
663;2015-07-27;;;;;;;;;;;;;;;0;0.0;12;641431.0;sim
664;2015-08-03;;;;;;;;;;;;;;;0;0.0;0;0.0;sim
665;2015-08-10;;;;;;;;;;;;;;;0;0.0;10;1378522.0;sim
666;2015-08-17;;;;;;;;;;;;;;;0;0.0;15;1244858.0;sim
667;2015-08-24;;;;;;;;;;;;;;;130;295757.0;4242;6523.0;não
668;2015-08-31;;;;;;;;;;;;;;;2;19757661.0;65;18610.0;não
669;2015-09-08;;;;;;;;;;;;;;;0;0.0;4;2145433.0;sim
670;2015-09-14;;;;;;;;;;;;;;;3;53963503.0;84;135113.0;não
671;2015-09-21;;;;;;;;;;;;;;;0;0.0;9;924738.0;sim
672;2015-09-28;;;;;;;;;;;;;;;5;18533474.0;239;68945.0;não
673;2015-10-05;;;;;;;;;;;;;;;4;10393729.0;112;113634.0;não
674;2015-10-14;;;;;;;;;;;;;;;6;560438.0;351;29326.0;não
675;2015-10-19;;;;;;;;;;;;;;;0;0.0;11;877779.0;sim
676;2015-10-26;;;;;;;;;;;;;;;0;0.0;10;1159405.0;sim
677;2015-11-03;;;;;;;;;;;;;;;2;107111562.0;71;204438.0;não
678;2015-11-09;;;;;;;;;;;;;;;0;0.0;53;166538.0;sim
679;2015-11-18;;;;;;;;;;;;;;;1;87205889.0;16;616278.0;não
680;2015-11-23;;;;;;;;;;;;;;;0;0.0;7;1162819.0;sim
681;2015-11-30;;;;;;;;;;;;;;;70;2087865.0;1517;10839.0;não
682;2015-12-07;;;;;;;;;;;;;;;35;1067754.0;1212;9439.0;não
683;2016-01-04;;;;;;;;;;;;;;;0;0.0;0;0.0;sim
684;2016-01-08;;;;;;;;;;;;;;;1;25206966.0;27;138332.0;não
685;2016-01-25;;;;;;;;;;;;;;;5;10189084.0;121;46494.0;não
686;2016-02-01;;;;;;;;;;;;;;;0;0.0;40;15125.0;sim
687;2016-02-11;;;;;;;;;;;;;;;0;0.0;32;161152.0;sim
688;2016-02-15;;;;;;;;;;;;;;;0;0.0;1;623834.0;sim
689;2016-02-22;;;;;;;;;;;;;;;5453;33875.0;49155;298.0;não
690;2016-02-29;;;;;;;;;;;;;;;0;0.0;2;3822406.0;sim
691;2016-03-07;;;;;;;;;;;;;;;1;108814203.0;95;13370.0;não
692;2016-03-14;;;;;;;;;;;;;;;0;0.0;5;1130923.0;sim
693;2016-03-21;;;;;;;;;;;;;;;19;3295596.0;499;22224.0;não
694;2016-03-28;;;;;;;;;;;;;;;0;0.0;3;1576373.0;sim
695;2016-04-04;;;;;;;;;;;;;;;0;0.0;29;333793.0;sim
696;2016-04-11;;;;;;;;;;;;;;;3;54792212.0;223;85729.0;não
697;2016-04-18;;;;;;;;;;;;;;;0;0.0;4;1178013.0;sim
698;2016-04-25;;;;;;;;;;;;;;;0;0.0;1;6416845.0;sim
699;2016-05-02;;;;;;;;;;;;;;;0;0.0;9;779659.0;sim
700;2016-05-09;;;;;;;;;;;;;;;2;89482508.0;45;252744.0;não
701;2016-05-16;;;;;;;;;;;;;;;0;0.0;6;112006.0;sim
702;2016-05-23;;;;;;;;;;;;;;;0;0.0;3;291822.0;sim
703;2016-05-30;;;;;;;;;;;;;;;12;9593955.0;350;37531.0;não
704;2016-06-06;;;;;;;;;;;;;;;7;5243735.0;220;51075.0;não
705;2016-06-13;;;;;;;;;;;;;;;0;0.0;1;899353.0;sim
706;2016-06-20;;;;;;;;;;;;;;;1;137869627.0;20;557042.0;não
707;2016-06-27;;;;;;;;;;;;;;;1;28713382.0;4;1538217.0;não
708;2016-07-04;;;;;;;;;;;;;;;1;32673156.0;56;178606.0;não
709;2016-07-11;;;;;;;;;;;;;;;0;0.0;58;159347.0;sim
710;2016-07-18;;;;;;;;;;;;;;;0;0.0;24;400137.0;sim
711;2016-07-25;;;;;;;;;;;;;;;0;0.0;16;775222.0;sim
712;2016-08-01;;;;;;;;;;;;;;;1;253988012.0;75;232401.0;não
713;2016-08-08;;;;;;;;;;;;;;;4;8262925.0;184;54988.0;não
714;2016-08-15;;;;;;;;;;;;;;;2;14832606.0;15;423789.0;não
715;2016-08-22;;;;;;;;;;;;;;;0;0.0;12;622858.0;sim
716;2016-08-29;;;;;;;;;;;;;;;0;0.0;0;0.0;sim
717;2016-09-05;;;;;;;;;;;;;;;0;0.0;1;1119399.0;sim
718;2016-09-12;;;;;;;;;;;;;;;0;0.0;20;691591.0;sim
719;2016-09-19;;;;;;;;;;;;;;;0;0.0;15;1177807.0;sim
720;2016-09-26;;;;;;;;;;;;;;;27;19301726.0;802;42336.0;não
721;2016-10-03;;;;;;;;;;;;;;;17;1890045.0;552;17818.0;não
722;2016-10-10;;;;;;;;;;;;;;;298;13953.0;4906;2594.0;não
723;2016-10-17;;;;;;;;;;;;;;;2;19871177.0;35;24332.0;não
724;2016-10-24;;;;;;;;;;;;;;;3;11306592.0;165;6293.0;não
725;2016-10-31;;;;;;;;;;;;;;;1;97882007.0;16;569656.0;não
726;2016-11-07;;;;;;;;;;;;;;;19;1575811.0;451;20322.0;não
727;2016-11-14;;;;;;;;;;;;;;;6;5245035.0;67;143787.0;não
728;2016-11-21;;;;;;;;;;;;;;;1;29293229.0;14;448366.0;não
729;2016-11-28;;;;;;;;;;;;;;;0;0.0;25;267505.0;sim
730;2016-12-05;;;;;;;;;;;;;;;0;0.0;0;0.0;sim
731;2017-01-09;;;;;;;;;;;;;;;0;0.0;66;89993.0;sim
732;2017-01-16;;;;;;;;;;;;;;;1;120533525.0;13;429719.0;não
733;2017-01-23;;;;;;;;;;;;;;;1;8178971.0;6;292106.0;não
734;2017-01-30;;;;;;;;;;;;;;;1;16360597.0;13;26968.0;não
735;2017-02-06;;;;;;;;;;;;;;;0;0.0;3;1697927.0;sim
736;2017-02-13;;;;;;;;;;;;;;;4;17689953.0;86;108446.0;não
737;2017-02-21;;;;;;;;;;;;;;;8;2953333.0;413;17512.0;não
738;2017-03-02;;;;;;;;;;;;;;;48;468743.0;1017;6772.0;não
739;2017-03-06;;;;;;;;;;;;;;;135;148725.0;2253;2728.0;não
740;2017-03-13;;;;;;;;;;;;;;;0;0.0;5;1110015.0;sim
741;2017-03-20;;;;;;;;;;;;;;;0;0.0;1;8551102.0;sim
742;2017-03-27;;;;;;;;;;;;;;;89;1518184.0;1392;9567.0;não
743;2017-04-03;;;;;;;;;;;;;;;0;0.0;35;149314.0;sim
744;2017-04-11;;;;;;;;;;;;;;;7;8505033.0;165;65208.0;não
745;2017-04-18;;;;;;;;;;;;;;;0;0.0;0;0.0;sim
746;2017-04-24;;;;;;;;;;;;;;;31;2864609.0;625;16984.0;não
747;2017-05-02;;;;;;;;;;;;;;;0;0.0;0;0.0;sim
748;2017-05-08;;;;;;;;;;;;;;;0;0.0;0;0.0;sim
749;2017-05-15;;;;;;;;;;;;;;;5;18883474.0;122;90832.0;não
750;2017-05-22;;;;;;;;;;;;;;;1;58356777.0;20;318519.0;não
751;2017-05-29;;;;;;;;;;;;;;;0;0.0;3;1808859.0;sim
752;2017-06-05;;;;;;;;;;;;;;;1;59918951.0;133;79626.0;não
753;2017-06-12;;;;;;;;;;;;;;;0;0.0;8;803581.0;sim
754;2017-06-19;;;;;;;;;;;;;;;0;0.0;4;186268.0;sim
755;2017-06-26;;;;;;;;;;;;;;;0;0.0;5;1881281.0;sim
756;2017-07-03;;;;;;;;;;;;;;;2;98698844.0;101;168643.0;não
757;2017-07-10;;;;;;;;;;;;;;;0;0.0;6;1084707.0;sim
758;2017-07-17;;;;;;;;;;;;;;;0;0.0;4;2134254.0;sim
759;2017-07-24;;;;;;;;;;;;;;;0;0.0;0;0.0;sim
760;2017-07-31;;;;;;;;;;;;;;;5;45298208.0;204;91353.0;não
761;2017-08-08;;;;;;;;;;;;;;;0;0.0;1;7053772.0;sim
762;2017-08-14;;;;;;;;;;;;;;;1;73130266.0;21;410333.0;não
763;2017-08-21;;;;;;;;;;;;;;;0;0.0;13;523058.0;sim
764;2017-08-28;;;;;;;;;;;;;;;0;0.0;1;6936808.0;sim
765;2017-09-04;;;;;;;;;;;;;;;60;2455281.0;1227;10169.0;não
766;2017-09-11;;;;;;;;;;;;;;;0;0.0;1;5368193.0;sim
767;2017-09-18;;;;;;;;;;;;;;;33;1980272.0;928;13293.0;não
768;2017-09-25;;;;;;;;;;;;;;;0;0.0;17;376784.0;sim
769;2017-10-02;;;;;;;;;;;;;;;0;0.0;1;8575684.0;sim
770;2017-10-09;;;;;;;;;;;;;;;87;1839757.0;2255;7117.0;não
771;2017-10-16;;;;;;;;;;;;;;;13;2114175.0;296;28424.0;não
772;2017-10-23;;;;;;;;;;;;;;;1;28327283.0;34;178533.0;não
773;2017-10-30;;;;;;;;;;;;;;;0;0.0;0;0.0;sim
774;2017-11-06;;;;;;;;;;;;;;;0;0.0;58;174109.0;sim
775;2017-11-13;;;;;;;;;;;;;;;0;0.0;2;5355928.0;sim
776;2017-11-20;;;;;;;;;;;;;;;19;1071503.0;416;36123.0;não
777;2017-11-27;;;;;;;;;;;;;;;0;0.0;1;6387411.0;sim
778;2017-12-18;;;;;;;;;;;;;;;101;466816.0;2781;1908.0;não
779;2017-12-26;;;;;;;;;;;;;;;0;0.0;17;168894.0;sim
780;2018-01-02;;;;;;;;;;;;;;;0;0.0;0;0.0;sim
781;2018-01-08;;;;;;;;;;;;;;;0;0.0;1;7839954.0;sim
782;2018-01-15;;;;;;;;;;;;;;;3;52041094.0;90;148002.0;não
783;2018-01-22;;;;;;;;;;;;;;;0;0.0;9;523648.0;sim
784;2018-01-29;;;;;;;;;;;;;;;0;0.0;13;433879.0;sim
785;2018-02-05;;;;;;;;;;;;;;;34;3551633.0;1014;12047.0;não
786;2018-02-14;;;;;;;;;;;;;;;21;1512959.0;1474;6598.0;não
787;2018-02-20;;;;;;;;;;;;;;;21;1059488.0;429;15876.0;não
788;2018-02-26;;;;;;;;;;;;;;;0;0.0;8;721612.0;sim
789;2018-03-05;;;;;;;;;;;;;;;4;14713959.0;241;40539.0;não
790;2018-03-12;;;;;;;;;;;;;;;0;0.0;3;224333.0;sim
791;2018-03-19;;;;;;;;;;;;;;;0;0.0;4;2308085.0;sim
792;2018-03-26;;;;;;;;;;;;;;;0;0.0;8;839821.0;sim
793;2018-04-02;;;;;;;;;;;;;;;7;26610118.0;145;100676.0;não
794;2018-04-09;;;;;;;;;;;;;;;0;0.0;12;559391.0;sim
795;2018-04-16;;;;;;;;;;;;;;;2;56668219.0;304;42694.0;não
796;2018-04-23;;;;;;;;;;;;;;;0;0.0;12;384186.0;sim
797;2018-04-30;;;;;;;;;;;;;;;0;0.0;0;0.0;sim
798;2018-05-07;;;;;;;;;;;;;;;0;0.0;34;250045.0;sim
799;2018-05-14;;;;;;;;;;;;;;;2;78222126.0;48;258869.0;não
800;2018-05-21;;;;;;;;;;;;;;;0;0.0;13;588182.0;sim
801;2018-05-28;;;;;;;;;;;;;;;0;0.0;0;0.0;sim
802;2018-06-04;;;;;;;;;;;;;;;0;0.0;5;2075486.0;sim
803;2018-06-11;;;;;;;;;;;;;;;1;241423031.0;20;74925.0;não
804;2018-06-18;;;;;;;;;;;;;;;2;26313648.0;151;106691.0;não
805;2018-06-25;;;;;;;;;;;;;;;22;5179963.0;767;24554.0;não
806;2018-06-28;;;;;;;;;;;;;;;0;0.0;1;6506428.0;sim
807;2018-07-02;;;;;;;;;;;;;;;0;0.0;2;2458598.0;sim
808;2018-07-09;;;;;;;;;;;;;;;0;0.0;15;33920.0;sim
809;2018-07-16;;;;;;;;;;;;;;;5;21080288.0;156;55626.0;não
810;2018-07-23;;;;;;;;;;;;;;;0;0.0;11;571658.0;sim
811;2018-07-30;;;;;;;;;;;;;;;0;0.0;40;225152.0;sim
812;2018-08-06;;;;;;;;;;;;;;;0;0.0;1;10603841.0;sim
813;2018-08-13;;;;;;;;;;;;;;;65;3253052.0;1465;11455.0;não
814;2018-08-20;;;;;;;;;;;;;;;61;630488.0;1257;9366.0;não
815;2018-08-27;;;;;;;;;;;;;;;16;554957.0;542;24233.0;não
816;2018-09-03;;;;;;;;;;;;;;;0;0.0;2;3446784.0;sim
817;2018-09-10;;;;;;;;;;;;;;;5;13250267.0;129;80876.0;não
818;2018-09-17;;;;;;;;;;;;;;;49;623152.0;882;10597.0;não
819;2018-09-25;;;;;;;;;;;;;;;1;30652701.0;32;205264.0;não
820;2018-10-01;;;;;;;;;;;;;;;6;12084655.0;225;48987.0;não
821;2018-10-08;;;;;;;;;;;;;;;3;7709709.0;72;98338.0;não
822;2018-10-15;;;;;;;;;;;;;;;14;2019869.0;408;21217.0;não
823;2018-10-22;;;;;;;;;;;;;;;2;16346962.0;75;133444.0;não
824;2018-10-29;;;;;;;;;;;;;;;2;12241038.0;53;141405.0;não
825;2018-11-05;;;;;;;;;;;;;;;1;62573946.0;28;241765.0;não
826;2018-11-12;;;;;;;;;;;;;;;0;0.0;0;0.0;sim
827;2018-11-19;;;;;;;;;;;;;;;0;0.0;16;495668.0;sim
828;2018-11-27;;;;;;;;;;;;;;;5;24528349.0;166;91914.0;não
829;2018-12-03;;;;;;;;;;;;;;;82;393336.0;1660;5947.0;não
830;2018-12-10;;;;;;;;;;;;;;;0;0.0;14;436553.0;sim
831;2018-12-17;;;;;;;;;;;;;;;316;345694.0;13325;967.0;não
832;2018-12-24;;;;;;;;;;;;;;;10;2746575.0;196;42897.0;não
833;2018-12-31;;;;;;;;;;;;;;;1;22295255.0;27;176946.0;não
834;2019-01-07;;;;;;;;;;;;;;;0;0.0;1;3798287.0;sim
835;2019-01-14;;;;;;;;;;;;;;;7;11396825.0;185;53705.0;não
836;2019-01-21;;;;;;;;;;;;;;;3;8442876.0;46;168557.0;não
837;2019-01-28;;;;;;;;;;;;;;;29;812901.0;1189;6069.0;não
838;2019-02-04;;;;;;;;;;;;;;;0;0.0;58;14453.0;sim
839;2019-02-11;;;;;;;;;;;;;;;2;31816615.0;87;127549.0;não
840;2019-02-18;;;;;;;;;;;;;;;4;15314017.0;101;91492.0;não
841;2019-02-25;;;;;;;;;;;;;;;2;14019749.0;148;57996.0;não
842;2019-03-06;;;;;;;;;;;;;;;0;0.0;74;128287.0;sim
843;2019-03-11;;;;;;;;;;;;;;;0;0.0;32;208255.0;sim
844;2019-03-18;;;;;;;;;;;;;;;0;0.0;2;4636634.0;sim
845;2019-03-25;;;;;;;;;;;;;;;5;39896139.0;127;142299.0;não
846;2019-04-01;;;;;;;;;;;;;;;40;766197.0;1459;643.0;não
847;2019-04-08;;;;;;;;;;;;;;;83;423677.0;2131;5051.0;não
848;2019-04-15;;;;;;;;;;;;;;;0;0.0;21;266885.0;sim
849;2019-04-22;;;;;;;;;;;;;;;1;63735209.0;59;136491.0;não
850;2019-04-29;;;;;;;;;;;;;;;1;74503339.0;24;304398.0;não
851;2019-05-06;;;;;;;;;;;;;;;0;0.0;57;145335.0;sim
852;2019-05-13;;;;;;;;;;;;;;;0;0.0;4;1838644.0;sim
853;2019-05-20;;;;;;;;;;;;;;;0;0.0;1;10037223.0;sim
854;2019-05-27;;;;;;;;;;;;;;;0;0.0;55;219433.0;sim
855;2019-06-03;;;;;;;;;;;;;;;94;307900.0;2082;12103.0;não
856;2019-06-10;;;;;;;;;;;;;;;3;12421464.0;77;148148.0;não
857;2019-06-17;;;;;;;;;;;;;;;3;9243795.0;32;185701.0;não
858;2019-06-25;;;;;;;;;;;;;;;10;2872667.0;369;23831.0;não
859;2019-07-15;;;;;;;;;;;;;;;2;1987138.0;45;189251.0;não
860;2019-07-22;;;;;;;;;;;;;;;0;0.0;2;379759.0;sim
861;2019-07-29;;;;;;;;;;;;;;;1;124615559.0;10;91998.0;não
862;2019-08-05;;;;;;;;;;;;;;;0;0.0;13;479371.0;sim
863;2019-08-12;;;;;;;;;;;;;;;0;0.0;104;110548.0;sim
864;2019-08-19;;;;;;;;;;;;;;;0;0.0;25;451041.0;sim
865;2019-08-26;;;;;;;;;;;;;;;0;0.0;5;2655021.0;sim
866;2019-09-02;;;;;;;;;;;;;;;230;1256741.0;4627;4332.0;não
867;2019-09-09;;;;;;;;;;;;;;;1;29604769.0;5;1268776.0;não
868;2019-09-16;;;;;;;;;;;;;;;0;0.0;2;3687717.0;sim
869;2019-09-23;;;;;;;;;;;;;;;17;4216164.0;623;18306.0;não
870;2019-09-30;;;;;;;;;;;;;;;5;19185975.0;134;107185.0;não
871;2019-10-07;;;;;;;;;;;;;;;0;0.0;0;0.0;sim
872;2019-10-14;;;;;;;;;;;;;;;20;4292118.0;622;1995.0;não
873;2019-10-21;;;;;;;;;;;;;;;0;0.0;0;0.0;sim
874;2019-10-28;;;;;;;;;;;;;;;3;31010222.0;58;184407.0;não
875;2019-11-04;;;;;;;;;;;;;;;95;931857.0;1495;8904.0;não
876;2019-11-11;;;;;;;;;;;;;;;9;3794916.0;426;24543.0;não
877;2019-11-18;;;;;;;;;;;;;;;1;30737747.0;3;2195553.0;não
878;2019-11-25;;;;;;;;;;;;;;;1;27195057.0;2;2913756.0;não
879;2019-12-02;;;;;;;;;;;;;;;0;0.0;2;2938659.0;sim
880;2019-12-09;;;;;;;;;;;;;;;0;0.0;4;212440.0;sim
881;2019-12-16;;;;;;;;;;;;;;;0;0.0;0;0.0;sim
882;2019-12-23;;;;;;;;;;;;;;;2;10848293.0;81;146379.0;não
883;2020-01-06;;;;;;;;;;;;;;;0;0.0;1;3854287.0;sim
884;2020-01-13;;;;;;;;;;;;;;;0;0.0;1;5499027.0;sim
885;2020-01-20;;;;;;;;;;;;;;;1;121199081.0;15;533157.0;não
886;2020-01-27;;;;;;;;;;;;;;;0;0.0;12;390314.0;sim
887;2020-02-03;;;;;;;;;;;;;;;0;0.0;2;3296576.0;sim
888;2020-02-10;;;;;;;;;;;;;;;0;0.0;3;2535967.0;sim
889;2020-02-17;;;;;;;;;;;;;;;3;42599876.0;89;136449.0;não
890;2020-02-26;;;;;;;;;;;;;;;3;22705925.0;79;126846.0;não
891;2020-03-02;;;;;;;;;;;;;;;4;6184004.0;98;77267.0;não
892;2020-03-09;;;;;;;;;;;;;;;5;6145564.0;121;77739.0;não
893;2020-03-16;;;;;;;;;;;;;;;0;0.0;7;742598.0;sim
894;2020-08-10;;;;;;;;;;;;;;;0;0.0;8;496349.0;sim
895;2020-08-17;;;;;;;;;;;;;;;3;33183339.0;73;120321.0;não
896;2020-08-24;;;;;;;;;;;;;;;0;0.0;0;0.0;sim
897;2020-08-31;;;;;;;;;;;;;;;0;0.0;3;1784629.0;sim
898;2020-09-08;;;;;;;;;;;;;;;1;86027054.0;16;463442.0;não
899;2020-09-14;;;;;;;;;;;;;;;0;0.0;2;2581219.0;sim
900;2020-09-21;;;;;;;;;;;;;;;0;0.0;3;2462825.0;sim
901;2020-09-28;;;;;;;;;;;;;;;1;128259164.0;19;46176.0;não
902;2020-10-05;;;;;;;;;;;;;;;1;24623784.0;15;351769.0;não
903;2020-10-13;;;;;;;;;;;;;;;9;2704017.0;247;30161.0;não
904;2020-10-19;;;;;;;;;;;;;;;0;0.0;8;647877.0;sim
905;2020-10-26;;;;;;;;;;;;;;;0;0.0;14;504158.0;sim
906;2020-11-03;;;;;;;;;;;;;;;0;0.0;25;387042.0;sim
907;2020-11-09;;;;;;;;;;;;;;;0;0.0;5;2428734.0;sim
908;2020-11-16;;;;;;;;;;;;;;;0;0.0;2;6637022.0;sim
909;2020-11-23;;;;;;;;;;;;;;;0;0.0;6;2465426.0;sim
910;2020-11-30;;;;;;;;;;;;;;;0;0.0;7;2690714.0;sim
911;2020-12-07;;;;;;;;;;;;;;;2;288736294.0;67;354584.0;não
912;2020-12-14;;;;;;;;;;;;;;;0;0.0;1;6369614.0;sim
913;2020-12-21;;;;;;;;;;;;;;;0;0.0;2;3763271.0;sim
914;2020-12-28;;;;;;;;;;;;;;;5;20823476.0;224;53665.0;não
915;2021-01-11;;;;;;;;;;;;;;;0;0.0;0;0.0;sim
916;2021-01-18;;;;;;;;;;;;;;;0;0.0;2;4980447.0;sim
917;2021-01-25;;;;;;;;;;;;;;;0;0.0;51;235979.0;sim
918;2021-02-01;;;;;;;;;;;;;;;0;0.0;12;1074202.0;sim
919;2021-02-08;;;;;;;;;;;;;;;3;113206432.0;68;202934.0;não
920;2021-02-17;;;;;;;;;;;;;;;1;97325996.0;10;862608.0;não
921;2021-02-22;;;;;;;;;;;;;;;0;0.0;22;241611.0;sim
922;2021-03-01;;;;;;;;;;;;;;;1;53018231.0;4;1511403.0;não
923;2021-03-08;;;;;;;;;;;;;;;0;0.0;4;1293457.0;sim
924;2021-03-15;;;;;;;;;;;;;;;0;0.0;0;0.0;sim
925;2021-03-22;;;;;;;;;;;;;;;0;0.0;3;2029786.0;sim
926;2021-03-29;;;;;;;;;;;;;;;9;16459701.0;296;3313.0;não
927;2021-04-05;;;;;;;;;;;;;;;0;0.0;19;204291.0;sim
928;2021-04-12;;;;;;;;;;;;;;;0;0.0;9;746406.0;sim
929;2021-04-19;;;;;;;;;;;;;;;19;4787728.0;645;19698.0;não
930;2021-04-26;;;;;;;;;;;;;;;61;1112223.0;2082;5204.0;não
931;2021-05-03;;;;;;;;;;;;;;;0;0.0;0;0.0;sim
932;2021-05-06;;;;;;;;;;;;;;;1;40850666.0;14;222737.0;não
933;2021-05-10;;;;;;;;;;;;;;;0;0.0;3;1724651.0;sim
934;2021-05-13;;;;;;;;;;;;;;;0;0.0;1;3341311.0;sim
935;2021-05-17;;;;;;;;;;;;;;;0;0.0;3;1882006.0;sim
936;2021-05-20;;;;;;;;;;;;;;;0;0.0;0;0.0;sim
937;2021-05-24;;;;;;;;;;;;;;;0;0.0;0;0.0;sim
938;2021-05-27;;;;;;;;;;;;;;;0;0.0;0;0.0;sim
939;2021-05-31;;;;;;;;;;;;;;;0;0.0;0;0.0;sim
940;2021-06-07;;;;;;;;;;;;;;;0;0.0;19;710183.0;sim
941;2021-06-14;;;;;;;;;;;;;;;0;0.0;17;1006719.0;sim
942;2021-06-21;;;;;;;;;;;;;;;0;0.0;4;4713377.0;sim
943;2021-06-28;;;;;;;;;;;;;;;1;620658713.0;16;1402758.0;não
944;2021-07-05;;;;;;;;;;;;;;;1;26576952.0;20;284753.0;não
945;2021-07-12;;;;;;;;;;;;;;;1;115204103.0;117;98387.0;não
946;2021-07-19;;;;;;;;;;;;;;;0;0.0;0;0.0;sim
947;2021-07-26;;;;;;;;;;;;;;;0;0.0;8;905968.0;sim
948;2021-08-02;;;;;;;;;;;;;;;0;0.0;3;270348.0;sim
949;2021-08-09;;;;;;;;;;;;;;;0;0.0;0;0.0;sim
950;2021-08-16;;;;;;;;;;;;;;;0;0.0;3;3679472.0;sim
951;2021-08-23;;;;;;;;;;;;;;;0;0.0;1;12985827.0;sim
952;2021-08-30;;;;;;;;;;;;;;;1;36332950.0;35;368705.0;não
953;2021-09-06;;;;;;;;;;;;;;;0;0.0;1;4697448.0;sim
954;2021-09-13;;;;;;;;;;;;;;;0;0.0;1;5313003.0;sim
955;2021-09-20;;;;;;;;;;;;;;;8;1792056.0;303;50221.0;não
956;2021-09-27;;;;;;;;;;;;;;;1;28234973.0;22;275016.0;não
957;2021-10-04;;;;;;;;;;;;;;;0;0.0;0;0.0;sim
958;2021-10-11;;;;;;;;;;;;;;;1;77011955.0;11;786019.0;não
959;2021-10-18;;;;;;;;;;;;;;;0;0.0;5;1029798.0;sim
960;2021-10-25;;;;;;;;;;;;;;;0;0.0;15;562205.0;sim
961;2021-11-01;;;;;;;;;;;;;;;0;0.0;6;1449724.0;sim
962;2021-11-08;;;;;;;;;;;;;;;5;37355692.0;138;101676.0;não
963;2021-11-16;;;;;;;;;;;;;;;9;2529517.0;299;23307.0;não
964;2021-11-22;;;;;;;;;;;;;;;4;608493.0;90;82788.0;não
965;2021-11-29;;;;;;;;;;;;;;;2;35682334.0;71;147961.0;não
966;2021-12-06;;;;;;;;;;;;;;;3;7120347.0;49;13345.0;não
967;2021-12-13;;;;;;;;;;;;;;;1;20570246.0;22;200359.0;não
968;2021-12-20;;;;;;;;;;;;;;;0;0.0;0;0.0;sim
969;2022-01-10;;;;;;;;;;;;;;;0;0.0;2;2047688.0;sim
970;2022-01-17;;;;;;;;;;;;;;;1;101693403.0;23;308254.0;não
971;2022-01-24;;;;;;;;;;;;;;;1;15849702.0;1;3396365.0;não
972;2022-01-31;;;;;;;;;;;;;;;2;1063365.0;35;186011.0;não
973;2022-02-07;;;;;;;;;;;;;;;0;0.0;1;3759693.0;sim
974;2022-02-14;;;;;;;;;;;;;;;0;0.0;6;878622.0;sim
975;2022-02-21;;;;;;;;;;;;;;;1;95740514.0;75;120485.0;não
976;2022-03-02;;;;;;;;;;;;;;;0;0.0;0;0.0;sim
977;2022-03-07;;;;;;;;;;;;;;;31;1459856.0;580;12638.0;não
978;2022-03-14;;;;;;;;;;;;;;;31;649358.0;646;9539.0;não
979;2022-03-21;;;;;;;;;;;;;;;1;22280236.0;43;158615.0;não
980;2022-03-28;;;;;;;;;;;;;;;2;24640068.0;41;186472.0;não
981;2022-04-04;;;;;;;;;;;;;;;3;8064883.0;140;52903.0;não
982;2022-04-07;;;;;;;;;;;;;;;0;0.0;14;172123.0;sim
983;2022-04-11;;;;;;;;;;;;;;;0;0.0;2;243041.0;sim
984;2022-04-14;;;;;;;;;;;;;;;1;48124611.0;58;92728.0;não
985;2022-04-18;;;;;;;;;;;;;;;7;5789453.0;267;2256.0;não
986;2022-04-22;;;;;;;;;;;;;;;2;4995223.0;16;133801.0;não
987;2022-04-25;;;;;;;;;;;;;;;0;0.0;2;1789038.0;sim
988;2022-04-28;;;;;;;;;;;;;;;1;2907909.0;20;189511.0;não
989;2022-05-02;;;;;;;;;;;;;;;0;0.0;1;4083458.0;sim
990;2022-05-05;;;;;;;;;;;;;;;8;6000939.0;193;19476.0;não
991;2022-05-09;;;;;;;;;;;;;;;0;0.0;1;4228509.0;sim
992;2022-05-12;;;;;;;;;;;;;;;1339;43482.0;13461;478.0;não
993;2022-05-16;;;;;;;;;;;;;;;1;20690936.0;29;152889.0;não
994;2022-05-19;;;;;;;;;;;;;;;15;768601.0;461;7655.0;não
995;2022-05-23;;;;;;;;;;;;;;;1;39737995.0;34;135309.0;não
996;2022-05-26;;;;;;;;;;;;;;;0;0.0;0;0.0;sim
997;2022-05-30;;;;;;;;;;;;;;;0;0.0;2;2137356.0;sim
998;2022-06-03;;;;;;;;;;;;;;;0;0.0;1;2521322.0;sim
999;2022-06-06;;;;;;;;;;;;;;;0;0.0;0;0.0;sim
1000;2022-06-09;;;;;;;;;;;;;;;0;0.0;2;2233845.0;sim
1001;2022-06-13;;;;;;;;;;;;;;;0;0.0;2;3973484.0;sim
1002;2022-06-17;;;;;;;;;;;;;;;1;170308866.0;71;108617.0;não
1003;2022-06-20;;;;;;;;;;;;;;;0;0.0;2;1840579.0;sim
1004;2022-06-27;;;;;;;;;;;;;;;0;0.0;2;2734755.0;sim
1005;2022-06-30;;;;;;;;;;;;;;;0;0.0;5;722473.0;sim
1006;2022-07-04;;;;;;;;;;;;;;;0;0.0;7;908499.0;sim
1007;2022-07-11;;;;;;;;;;;;;;;5;32473851.0;70;141328.0;não
1008;2022-07-18;;;;;;;;;;;;;;;0;0.0;3;1354611.0;sim
1009;2022-07-25;;;;;;;;;;;;;;;0;0.0;2;2788873.0;sim
1010;2022-08-01;;;;;;;;;;;;;;;9;12384457.0;501;22583.0;não
1011;2022-08-08;;;;;;;;;;;;;;;0;0.0;19;289208.0;sim
1012;2022-08-15;;;;;;;;;;;;;;;0;0.0;12;467537.0;sim
1013;2022-08-22;;;;;;;;;;;;;;;0;0.0;0;0.0;sim
1014;2022-08-29;;;;;;;;;;;;;;;0;0.0;9;915764.0;sim
1015;2022-09-05;;;;;;;;;;;;;;;0;0.0;0;0.0;sim
1016;2022-09-12;;;;;;;;;;;;;;;15;19020515.0;251;6101.0;não
1017;2022-09-19;;;;;;;;;;;;;;;0;0.0;0;0.0;sim
1018;2022-09-26;;;;;;;;;;;;;;;2;26752652.0;90;88251.0;não
1019;2022-10-03;;;;;;;;;;;;;;;9;2606326.0;239;30044.0;não
1020;2022-10-10;;;;;;;;;;;;;;;0;0.0;3;2141057.0;sim
1021;2022-10-17;;;;;;;;;;;;;;;0;0.0;2;3499287.0;sim
1022;2022-10-24;;;;;;;;;;;;;;;3;45209035.0;40;191042.0;não
1023;2022-10-31;;;;;;;;;;;;;;;0;0.0;46;15961.0;sim
1024;2022-11-07;;;;;;;;;;;;;;;0;0.0;2;2657189.0;sim
1025;2022-11-14;;;;;;;;;;;;;;;1;114483342.0;18;406924.0;não
1026;2022-11-24;;;;;;;;;;;;;;;1;55762442.0;45;265536.0;não
1027;2022-11-28;;;;;;;;;;;;;;;0;0.0;6;985147.0;sim
1028;2022-12-02;;;;;;;;;;;;;;;0;0.0;4;2098421.0;sim
1029;2023-01-09;;;;;;;;;;;;;;;13;7106652.0;401;19567.0;não
1030;2023-01-16;;;;;;;;;;;;;;;0;0.0;3;193137.0;sim
1031;2023-01-23;;;;;;;;;;;;;;;0;0.0;1;6877834.0;sim
1032;2023-01-30;;;;;;;;;;;;;;;0;0.0;4;1980682.0;sim
1033;2023-02-06;;;;;;;;;;;;;;;4;44218018.0;81;157569.0;não
1034;2023-02-13;;;;;;;;;;;;;;;3;7483193.0;112;6136.0;não
1035;2023-02-22;;;;;;;;;;;;;;;65;1012933.0;1086;8879.0;não
1036;2023-02-27;;;;;;;;;;;;;;;38;618682.0;938;7672.0;não
1037;2023-03-06;;;;;;;;;;;;;;;0;0.0;4;1486634.0;sim
1038;2023-03-13;;;;;;;;;;;;;;;0;0.0;9;937244.0;sim
1039;2023-03-20;;;;;;;;;;;;;;;0;0.0;3;3352258.0;sim
1040;2023-03-27;;;;;;;;;;;;;;;15;14085447.0;327;57113.0;não
1041;2023-04-03;;;;;;;;;;;;;;;1;26809046.0;68;120688.0;não
1042;2023-04-06;;;;;;;;;;;;;;;0;0.0;8;208166.0;sim
1043;2023-04-10;;;;;;;;;;;;;;;3;10545615.0;56;130459.0;não
1044;2023-04-13;;;;;;;;;;;;;;;3;5034573.0;158;29263.0;não
1045;2023-04-17;;;;;;;;;;;;;;;41;1432217.0;1157;7907.0;não
1046;2023-04-20;;;;;;;;;;;;;;;57;274407.0;1670;2867.0;não
1047;2023-04-24;;;;;;;;;;;;;;;0;0.0;3;1281633.0;sim
1048;2023-04-27;;;;;;;;;;;;;;;1327;44091.0;13430;524.0;não
1049;2023-05-02;;;;;;;;;;;;;;;0;0.0;1;4815215.0;sim
1050;2023-05-04;;;;;;;;;;;;;;;0;0.0;1;3075135.0;sim
1051;2023-05-08;;;;;;;;;;;;;;;0;0.0;5;1453989.0;sim
1052;2023-05-12;;;;;;;;;;;;;;;1;124989947.0;40;165506.0;não
1053;2023-05-15;;;;;;;;;;;;;;;0;0.0;7;719438.0;sim
1054;2023-05-18;;;;;;;;;;;;;;;3;12565266.0;58;74916.0;não
1055;2023-05-22;;;;;;;;;;;;;;;1;49105201.0;13;39663.0;não
1056;2023-05-25;;;;;;;;;;;;;;;0;0.0;2;1117613.0;sim
1057;2023-05-29;;;;;;;;;;;;;;;0;0.0;8;567322.0;sim
1058;2023-06-02;;;;;;;;;;;;;;;0;0.0;7;421728.0;sim
1059;2023-06-05;;;;;;;;;;;;;;;9;797147.0;223;36179.0;não
1060;2023-06-09;;;;;;;;;;;;;;;7;4728012.0;140;27477.0;não
1061;2023-06-12;;;;;;;;;;;;;;;0;0.0;2;210496.0;sim
1062;2023-06-15;;;;;;;;;;;;;;;3;10958109.0;261;15514.0;não
1063;2023-06-19;;;;;;;;;;;;;;;0;0.0;0;0.0;sim
1064;2023-06-23;;;;;;;;;;;;;;;0;0.0;0;0.0;sim
1065;2023-06-26;;;;;;;;;;;;;;;1;72741369.0;86;79565.0;não
1066;2023-06-29;;;;;;;;;;;;;;;0;0.0;35;115296.0;sim
1067;2023-07-03;;;;;;;;;;;;;;;1;33983241.0;26;171437.0;não
1068;2023-07-10;;;;;;;;;;;;;;;0;0.0;0;0.0;sim
1069;2023-07-17;;;;;;;;;;;;;;;0;0.0;7;827438.0;sim
1070;2023-07-24;;;;;;;;;;;;;;;0;0.0;0;0.0;sim
1071;2023-07-31;;;;;;;;;;;;;;;0;0.0;10;770557.0;sim
1072;2023-08-07;;;;;;;;;;;;;;;0;0.0;0;0.0;sim
1073;2023-08-14;;;;;;;;;;;;;;;0;0.0;31;356475.0;sim
1074;2023-08-21;;;;;;;;;;;;;;;0;0.0;7;201345.0;sim
1075;2023-08-28;;;;;;;;;;;;;;;13;3511653.0;265;93978.0;não
1076;2023-09-04;;;;;;;;;;;;;;;0;0.0;0;0.0;sim
1077;2023-09-11;;;;;;;;;;;;;;;1;53395921.0;62;129594.0;não
1078;2023-09-18;;;;;;;;;;;;;;;12;1865785.0;601;11404.0;não
1079;2023-09-25;;;;;;;;;;;;;;;0;0.0;2;2164403.0;sim
1080;2023-10-02;;;;;;;;;;;;;;;1;90911123.0;53;19485.0;não
1081;2023-10-09;;;;;;;;;;;;;;;0;0.0;0;0.0;sim
1082;2023-10-16;;;;;;;;;;;;;;;2;24990673.0;71;11616.0;não
1083;2023-10-23;;;;;;;;;;;;;;;0;0.0;1;4187601.0;sim
1084;2023-10-30;;;;;;;;;;;;;;;1;43611779.0;16;322362.0;não
1085;2023-11-06;;;;;;;;;;;;;;;1;48396359.0;5;942128.0;não
1086;2023-11-13;;;;;;;;;;;;;;;1;20430924.0;9;486451.0;não
1087;2023-11-20;;;;;;;;;;;;;;;0;0.0;49;162073.0;sim
1088;2023-11-27;;;;;;;;;;;;;;;5;10735931.0;133;63841.0;não
1089;2023-12-04;;;;;;;;;;;;;;;9;2877467.0;307;25823.0;não
1090;2023-12-11;;;;;;;;;;;;;;;0;0.0;24;230415.0;sim
1091;2023-12-18;;;;;;;;;;;;;;;48;1860832.0;1221;9369.0;não
1092;2024-01-08;;;;;;;;;;;;;;;0;0.0;0;0.0;sim
1093;2024-01-15;;;;;;;;;;;;;;;5;7620109.0;119;54914.0;não
1094;2024-01-22;;;;;;;;;;;;;;;1;22353049.0;12;399161.0;não
1095;2024-01-29;;;;;;;;;;;;;;;0;0.0;30;19184.0;sim
1096;2024-02-05;;;;;;;;;;;;;;;0;0.0;2;3895393.0;sim
1097;2024-02-14;;;;;;;;;;;;;;;1;132339683.0;36;257535.0;não
1098;2024-02-19;;;;;;;;;;;;;;;0;0.0;1;4232833.0;sim
1099;2024-02-26;;;;;;;;;;;;;;;0;0.0;6;1001579.0;sim
1100;2024-03-04;;;;;;;;;;;;;;;5;23043158.0;104;101134.0;não
1101;2024-03-11;;;;;;;;;;;;;;;22;1172513.0;413;19119.0;não
1102;2024-03-18;;;;;;;;;;;;;;;0;0.0;2;2915847.0;sim
1103;2024-03-25;;;;;;;;;;;;;;;0;0.0;2;2605431.0;sim
1104;2024-04-01;;;;;;;;;;;;;;;7;12009969.0;167;59644.0;não
1105;2024-04-04;;;;;;;;;;;;;;;1;41971027.0;24;141146.0;não
1106;2024-04-08;;;;;;;;;;;;;;;9;2600951.0;157;45642.0;não
1107;2024-04-11;;;;;;;;;;;;;;;1;11038929.0;468;722.0;não
1108;2024-04-15;;;;;;;;;;;;;;;0;0.0;7;582873.0;sim
1109;2024-04-18;;;;;;;;;;;;;;;0;0.0;2;1176792.0;sim
1110;2024-04-22;;;;;;;;;;;;;;;65;1128424.0;1171;7094.0;não
1111;2024-04-25;;;;;;;;;;;;;;;0;0.0;151;18337.0;sim
1112;2024-04-29;;;;;;;;;;;;;;;0;0.0;0;0.0;sim
1113;2024-05-02;;;;;;;;;;;;;;;0;0.0;2;1997756.0;sim
1114;2024-05-06;;;;;;;;;;;;;;;3;26125942.0;57;12527.0;não
1115;2024-05-09;;;;;;;;;;;;;;;0;0.0;52;66548.0;sim
1116;2024-05-13;;;;;;;;;;;;;;;2;27727879.0;69;100158.0;não
1117;2024-05-16;;;;;;;;;;;;;;;0;0.0;4;550666.0;sim
1118;2024-05-20;;;;;;;;;;;;;;;0;0.0;3;1204516.0;sim
1119;2024-05-23;;;;;;;;;;;;;;;1;43269305.0;26;189878.0;não
1120;2024-05-27;;;;;;;;;;;;;;;0;0.0;1;3919203.0;sim
1121;2024-05-31;;;;;;;;;;;;;;;1;58001687.0;221;32108.0;não
1122;2024-06-03;;;;;;;;;;;;;;;0;0.0;4;87614.0;sim
1123;2024-06-06;;;;;;;;;;;;;;;97;333855.0;1906;2574.0;não
1124;2024-06-10;;;;;;;;;;;;;;;1;24084047.0;11;46917.0;não
1125;2024-06-14;;;;;;;;;;;;;;;1;34310538.0;16;178445.0;não
1126;2024-06-17;;;;;;;;;;;;;;;0;0.0;1;3515784.0;sim
1127;2024-06-20;;;;;;;;;;;;;;;0;0.0;0;0.0;sim
1128;2024-06-24;;;;;;;;;;;;;;;0;0.0;0;0.0;sim
1129;2024-06-27;;;;;;;;;;;;;;;1;71346516.0;10;311783.0;não
1130;2024-07-01;;;;;;;;;;;;;;;0;0.0;21;202171.0;sim
1131;2024-07-05;;;;;;;;;;;;;;;0;0.0;6;401635.0;sim
1132;2024-07-08;;;;;;;;;;;;;;;0;0.0;0;0.0;sim
1133;2024-07-12;;;;;;;;;;;;;;;0;0.0;0;0.0;sim
1134;2024-07-15;;;;;;;;;;;;;;;0;0.0;11;584959.0;sim
1135;2024-07-19;;;;;;;;;;;;;;;21;8343391.0;417;1766.0;não
1136;2024-07-22;;;;;;;;;;;;;;;35;628008.0;911;7386.0;não
1137;2024-07-26;;;;;;;;;;;;;;;0;0.0;8;267613.0;sim
1138;2024-07-29;;;;;;;;;;;;;;;0;0.0;3;141463.0;sim
1139;2024-08-02;;;;;;;;;;;;;;;0;0.0;7;408929.0;sim
1140;2024-08-05;;;;;;;;;;;;;;;1;85297892.0;42;167866.0;não
1141;2024-08-09;;;;;;;;;;;;;;;0;0.0;4;449152.0;sim
1142;2024-08-12;;;;;;;;;;;;;;;0;0.0;41;121706.0;sim
1143;2024-08-16;;;;;;;;;;;;;;;2;18377436.0;113;32698.0;não
1144;2024-08-19;;;;;;;;;;;;;;;0;0.0;0;0.0;sim
1145;2024-08-23;;;;;;;;;;;;;;;1;47705861.0;47;91454.0;não
1146;2024-08-26;;;;;;;;;;;;;;;0;0.0;17;19411.0;sim
1147;2024-08-30;;;;;;;;;;;;;;;0;0.0;0;0.0;sim
1148;2024-09-02;;;;;;;;;;;;;;;0;0.0;7;567806.0;sim
1149;2024-09-09;;;;;;;;;;;;;;;6;11583647.0;145;48258.0;não
1150;2024-09-16;;;;;;;;;;;;;;;0;0.0;11;410497.0;sim
1151;2024-09-23;;;;;;;;;;;;;;;1;64342267.0;41;192991.0;não
1152;2024-09-30;;;;;;;;;;;;;;;1;22890269.0;81;86508.0;não
1153;2024-10-07;;;;;;;;;;;;;;;0;0.0;1;4118934.0;sim
1154;2024-10-14;;;;;;;;;;;;;;;159;242175.0;3035;1945.0;não
1155;2024-10-21;;;;;;;;;;;;;;;2;23067415.0;25;196493.0;não
1156;2024-10-28;;;;;;;;;;;;;;;1;19604802.0;76;78966.0;não
1157;2024-11-04;;;;;;;;;;;;;;;0;0.0;4;977762.0;sim
1158;2024-11-11;;;;;;;;;;;;;;;0;0.0;0;0.0;sim
1159;2024-11-18;;;;;;;;;;;;;;;0;0.0;1;6073169.0;sim
1160;2024-11-25;;;;;;;;;;;;;;;20;7654302.0;433;35217.0;não
1161;2024-12-02;;;;;;;;;;;;;;;0;0.0;2;2017481.0;sim
1162;2024-12-09;;;;;;;;;;;;;;;14;4632484.0;441;31948.0;não
1163;2024-12-16;;;;;;;;;;;;;;;0;0.0;0;0.0;sim
1164;2025-01-13;;;;;;;;;;;;;;;0;0.0;0;0.0;sim
1165;2025-01-20;;;;;;;;;;;;;;;0;0.0;1;10897971.0;sim
1166;2025-01-27;;;;;;;;;;;;;;;1;239311712.0;92;166282.0;não
1167;2025-02-03;;;;;;;;;;;;;;;19;2330948.0;491;27612.0;não
1168;2025-02-10;;;;;;;;;;;;;;;0;0.0;0;0.0;sim
1169;2025-02-17;;;;;;;;;;;;;;;2;51448063.0;61;191189.0;não
1170;2025-02-24;;;;;;;;;;;;;;;102;1164874.0;2903;6634.0;não
1171;2025-03-05;;;;;;;;;;;;;;;0;0.0;10;846151.0;sim
1172;2025-03-10;;;;;;;;;;;;;;;0;0.0;49;264428.0;sim
1173;2025-03-17;;;;;;;;;;;;;;;0;0.0;4;3363255.0;sim
1174;2025-03-24;;;;;;;;;;;;;;;1;231443594.0;65;226516.0;não
1175;2025-03-31;;;;;;;;;;;;;;;0;0.0;4;2760102.0;sim
1176;2025-04-03;;;;;;;;;;;;;;;0;0.0;0;0.0;sim
1177;2025-04-07;;;;;;;;;;;;;;;4;53707497.0;200;102243.0;não
1178;2025-04-10;;;;;;;;;;;;;;;0;0.0;2;2777397.0;sim
1179;2025-04-14;;;;;;;;;;;;;;;0;0.0;1;8773553.0;sim
1180;2025-04-17;;;;;;;;;;;;;;;0;0.0;2;3229631.0;sim
1181;2025-04-22;;;;;;;;;;;;;;;3;6466144.0;114;138004.0;não
1182;2025-04-24;;;;;;;;;;;;;;;0;0.0;0;0.0;sim
1183;2025-04-28;;;;;;;;;;;;;;;2;29942292.0;71;178254.0;não
1184;2025-05-02;;;;;;;;;;;;;;;10;2794904.0;188;45509.0;não
1185;2025-05-05;;;;;;;;;;;;;;;20;364240.0;534;21357.0;não
1186;2025-05-08;;;;;;;;;;;;;;;0;0.0;0;0.0;sim
1187;2025-05-12;;;;;;;;;;;;;;;8;8465565.0;284;47292.0;não
1188;2025-05-15;;;;;;;;;;;;;;;0;0.0;57;111301.0;sim
1189;2025-05-19;;;;;;;;;;;;;;;17;3647315.0;285;44339.0;não
1190;2025-05-22;;;;;;;;;;;;;;;0;0.0;36;238406.0;sim
1191;2025-05-26;;;;;;;;;;;;;;;0;0.0;4;2814334.0;sim
1192;2025-05-29;;;;;;;;;;;;;;;13;13908964.0;400;40828.0;não
1193;2025-06-02;;;;;;;;;;;;;;;0;0.0;39;192638.0;sim
1194;2025-06-09;;;;;;;;;;;;;;;2;41452038.0;37;277088.0;não
1195;2025-06-12;;;;;;;;;;;;;;;19;4291994.0;316;31494.0;não
1196;2025-06-16;;;;;;;;;;;;;;;4;7839358.0;179;53626.0;não
1197;2025-06-20;;;;;;;;;;;;;;;0;0.0;0;0.0;sim
1198;2025-06-23;;;;;;;;;;;;;;;0;0.0;60;165549.0;sim
1199;2025-06-26;;;;;;;;;;;;;;;4;24937774.0;117;89213.0;não
1200;2025-06-30;;;;;;;;;;;;;;;0;0.0;6;1115415.0;sim
1201;2025-07-07;;;;;;;;;;;;;;;0;0.0;0;0.0;sim
1202;2025-07-14;;;;;;;;;;;;;;;7;27631069.0;112;187207.0;não
1203;2025-07-21;;;;;;;;;;;;;;;0;0.0;7;1264463.0;sim
1204;2025-07-28;;;;;;;;;;;;;;;0;0.0;1;13624969.0;sim
1205;2025-08-04;;;;;;;;;;;;;;;0;0.0;1;17025463.0;sim
1206;2025-08-11;;;;;;;;;;;;;;;0;0.0;16;1504839.0;sim
1207;2025-08-18;;;;;;;;;;;;;;;0;0.0;1;30117734.0;sim
1208;2025-08-25;;;;;;;;;;;;;;;0;0.0;22;1522208.0;sim
1209;2025-09-01;;;;;;;;;;;;;;;0;0.0;19;2226439.0;sim
1210;2025-09-08;;;;;;;;;;;;;;;868;1444847.0;13936;5749.0;não
1211;2025-09-15;;;;;;;;;;;;;;;5;15533021.0;203;117118.0;não
1212;2025-09-22;;;;;;;;;;;;;;;1;91717426.0;32;614179.0;não
1213;2025-09-29;;;;;;;;;;;;;;;1;88975372.0;80;238327.0;não
1214;2025-10-06;;;;;;;;;;;;;;;0;0.0;12;1418945.0;sim
1215;2025-10-13;;;;;;;;;;;;;;;846;430066.0;17503;2726.0;não
1216;2025-10-20;;;;;;;;;;;;;;;40;2489583.0;1128;27025.0;não
1217;2025-10-27;;;;;;;;;;;;;;;0;0.0;2;8940595.0;sim
1218;2025-11-03;;;;;;;;;;;;;;;7;27692365.0;218;155028.0;não
1219;2025-11-10;;;;;;;;;;;;;;;0;0.0;0;0.0;sim
1220;2025-11-17;;;;;;;;;;;;;;;18;19271182.0;591;61888.0;não
1221;2025-11-24;;;;;;;;;;;;;;;161;513032.0;3087;819.0;não
1222;2025-12-01;;;;;;;;;;;;;;;0;0.0;1;14823028.0;sim
1223;2025-12-08;;;;;;;;;;;;;;;4;41813558.0;107;196423.0;não
1224;2025-12-15;;;;;;;;;;;;;;;9;7526476.0;259;80062.0;não
1225;2025-12-22;;;;;;;;;;;;;;;710;241666.0;9794;2435.0;não
1226;2025-12-29;;;;;;;;;;;;;;;1;45920375.0;19;517899.0;não
1227;2026-01-05;;;;;;;;;;;;;;;0;0.0;7;1903143.0;sim
1228;2026-01-12;;;;;;;;;;;;;;;0;0.0;4;4786522.0;sim
1229;2026-01-19;;;;;;;;;;;;;;;1;256964531.0;12;1882978.0;não
1230;2026-01-26;;;;;;;;;;;;;;;0;0.0;7;2203642.0;sim
1231;2026-02-02;;;;;;;;;;;;;;;0;0.0;0;0.0;sim
1232;2026-02-09;;;;;;;;;;;;;;;0;0.0;6;4278105.0;sim
1233;2026-02-18;;;;;;;;;;;;;;;0;0.0;13;2467297.0;sim
1234;2026-02-23;;;;;;;;;;;;;;;4;175597551.0;134;251069.0;não
1235;2026-03-02;;;;;;;;;;;;;;;0;0.0;6;3506149.0;sim
1236;2026-03-09;;;;;;;;;;;;;;;3;108986949.0;77;279375.0;não
1237;2026-03-16;;;;;;;;;;;;;;;3;23585041.0;37;409779.0;não
1238;2026-03-23;;;;;;;;;;;;;;;0;0.0;20;630689.0;sim
1239;2026-03-30;;;;;;;;;;;;;;;2;57658528.0;47;257383.0;não
1240;2026-04-06;;;;;;;;;;;;;;;0;0.0;5;2714844.0;sim
1241;2026-04-09;;;;;;;;;;;;;;;0;0.0;0;0.0;sim
1242;2026-04-13;;;;;;;;;;;;;;;0;0.0;12;1341541.0;sim
1243;2026-04-16;;;;;;;;;;;;;;;0;0.0;8;1735246.0;sim
1244;2026-04-20;;;;;;;;;;;;;;;4;107263588.0;173;17023.0;não
1245;2026-04-23;;;;;;;;;;;;;;;0;0.0;31;34209.0;sim
1246;2026-04-27;;;;;;;;;;;;;;;113;168601.0;1892;11088.0;não
1247;2026-04-30;;;;;;;;;;;;;;;0;0.0;30;172226.0;sim
1248;2026-05-04;;;;;;;;;;;;;;;0;0.0;0;0.0;sim
1249;2026-05-07;;;;;;;;;;;;;;;0;0.0;1;5061619.0;sim
1250;2026-05-11;;;;;;;;;;;;;;;0;0.0;5;2206686.0;sim
1251;2026-05-14;;;;;;;;;;;;;;;2;162280411.0;58;189094.0;não
1252;2026-05-18;;;;;;;;;;;;;;;1;5029021.0;16;44902.0;não
1253;2026-05-25;;;;;;;;;;;;;;;0;0.0;12;735671.0;sim
1254;2026-06-01;;;;;;;;;;;;;;;4;33776314.0;74;202175.0;não
